species_name	Major_tax	Tax	CPA_count	CPA_binary	NhaB_count	NhaB_binary	NhaC_count	NhaC_binary	NhaD_count	NhaD_binary
Acanthamoeba_castellanii_Str_Neff	Amoebozoa	Eukaryota;Amoebozoa;Discosea;Longamoebia;Centramoebida;Acanthamoebidae;Acanthamoeba	4	1	0	0	0	0	16	1
Acanthaster_planci	Metazoa	Eukaryota;Opisthokonta;Metazoa;Eumetazoa;Bilateria;Deuterostomia;Echinodermata;Eleutherozoa;Asterozoa;Asteroidea;Valvatacea;Valvatida;Acanthasteridae;Acanthaster	20	1	0	0	0	0	18	1
Acaromyces_ingoldii_MCA_4198	Fungi	Eukaryota;Opisthokonta;Fungi;Dikarya;Basidiomycota;Ustilaginomycotina;Exobasidiomycetes;Exobasidiales;Cryptobasidiaceae;Acaromyces	7	1	0	0	0	0	4	1
Acropora_digitifera	Metazoa	Eukaryota;Opisthokonta;Metazoa;Eumetazoa;Cnidaria;Anthozoa;Hexacorallia;Scleractinia;Astrocoeniina;Acroporidae;Acropora	10	1	0	0	0	0	18	1
Acytostelium_subglobosum_LB1	Amoebozoa	Eukaryota;Amoebozoa;Evosea;Eumycetozoa;Dictyostelia;Acytosteliales;Acytosteliaceae;Acytostelium	6	1	0	0	0	0	0	0
Adineta_vaga	Metazoa	Eukaryota;Opisthokonta;Metazoa;Eumetazoa;Bilateria;Protostomia;Spiralia;Gnathifera;Rotifera;Eurotatoria;Bdelloidea;Adinetida;Adinetidae;Adineta	22	1	0	0	0	0	14	1
Agaricus_bisporus_ var. bisporus H97	Fungi	Eukaryota;Opisthokonta;Fungi;Dikarya;Basidiomycota;Agaricomycotina;Agaricomycetes;Agaricomycetidae;Agaricales;Agaricineae;Agaricaceae;Agaricus	6	1	0	0	0	0	4	1
Albugo_laibachii_Nc14	Stramenopiles	Eukaryota;Sar;Stramenopiles;Oomycota;Albuginales;Albuginaceae;Albugo;Albugolaibachii	10	1	0	0	4	1	2	1
Allomyces_macrogynus_ATCC 38327	Fungi	Eukaryota;Opisthokonta;Fungi;Fungiincertaesedis;Blastocladiomycota;Blastocladiomycetes;Blastocladiales;Blastocladiaceae;Allomyces	11	1	0	0	0	0	20	1
Amborella_trichopoda	Viridiplantae	Eukaryota;Viridiplantae;Streptophyta;Streptophytina;Embryophyta;Tracheophyta;Euphyllophyta;Spermatophyta;Magnoliopsida;Amborellales;Amborellaceae;Amborella	54	1	0	0	0	0	16	1
Amoebophrya_sp.A120	Alveolata	Eukaryota;Sar;Alveolata;Dinophyceae;Syndiniales;Amoebophryaceae	8	1	0	0	0	0	12	1
Amphimedon_queenslandica	Metazoa	Eukaryota;Opisthokonta;Metazoa;Porifera;Demospongiae;Heteroscleromorpha;Haplosclerida;Niphatidae;Amphimedon	8	1	0	0	4	1	10	1
Anaeramoeba_ignava	Metamonada	Eukaryota;Metamonada;Anaeramoebidae;Anaeramoeba	4	1	0	0	0	0	8	1
Anaeromyces_robustus	Fungi	Eukaryota;Opisthokonta;Fungi;Fungiincertaesedis;Chytridiomycota;Chytridiomycotaincertaesedis;Neocallimastigomycetes;Neocallimastigales;Neocallimastigaceae;Anaeromyces	4	1	0	0	12	1	12	1
Anas_platyrhynchos	Metazoa	Eukaryota;Opisthokonta;Metazoa;Eumetazoa;Bilateria;Deuterostomia;Chordata;Craniata;Vertebrata;Gnathostomata;Teleostomi;Euteleostomi;Sarcopterygii;Dipnotetrapodomorpha;Tetrapoda;Amniota;Sauropsida;Sauria;Archelosauria;Archosauria;Dinosauria;Saurischia;Theropoda;Coelurosauria;Aves;Neognathae;Galloanserae;Anseriformes;Anatidae;Anatinae;Anas	22	1	0	0	0	0	24	1
Andalucia_godoyi	Discoba	Eukaryota;Discoba;Jakobida;Andalucina;Andaluciidae;Andalucia	2	1	0	0	0	0	4	1
Angomonas_deanei	Excavata	Eukaryota;Discoba;Euglenozoa;Kinetoplastea;Metakinetoplastina;Trypanosomatida;Trypanosomatidae;Strigomonadinae;Angomonas	2	1	0	0	0	0	2	1
Anopheles_gambiae	Metazoa	Eukaryota;Opisthokonta;Metazoa;Eumetazoa;Bilateria;Protostomia;Ecdysozoa;Panarthropoda;Arthropoda;Mandibulata;Pancrustacea;Hexapoda;Insecta;Dicondylia;Pterygota;Neoptera;Endopterygota;Diptera;Nematocera;Culicomorpha;Culicoidea;Culicidae;Anophelinae;Anopheles;Cellia;Pyretophorus;gambiaespeciescomplex	56	1	0	0	0	0	36	1
Aphanomyces_astaci	Stramenopiles	Eukaryota;Sar;Stramenopiles;Oomycota;Saprolegniales;Saprolegniaceae;Aphanomyces	13	1	0	0	0	0	2	1
Apis_melifera_DH4	Metazoa	Eukaryota;Opisthokonta;Metazoa;Eumetazoa;Bilateria;Protostomia;Ecdysozoa;Panarthropoda;Arthropoda;Mandibulata;Pancrustacea;Hexapoda;Insecta;Dicondylia;Pterygota;Neoptera;Endopterygota;Hymenoptera;Apocrita;Aculeata;Apoidea;Anthophila;Apidae;Apinae;Apini;Apis	24	1	0	0	0	0	30	1
Aplanochytrium_kerguelense_PBS07	Stramenopiles	Eukaryota;Sar;Stramenopiles;Bigyra;Labyrinthulomycetes;Thraustochytrida;Thraustochytriaceae	141	1	0	0	48	1	46	1
Aquilegia_coerulea_Goldsmith	Viridiplantae	Eukaryota;Viridiplantae;Streptophyta;Streptophytina;Embryophyta;Tracheophyta;Euphyllophyta;Spermatophyta;Magnoliopsida;Mesangiospermae;Ranunculales;Ranunculaceae;Thalictroideae;Aquilegia	46	1	0	0	0	0	24	1
Arabidopsis_thaliana	Viridiplantae	Eukaryota;Viridiplantae;Streptophyta;Streptophytina;Embryophyta;Tracheophyta;Euphyllophyta;Spermatophyta;Magnoliopsida;Mesangiospermae;eudicotyledons;Gunneridae;Pentapetalae;rosids;malvids;Brassicales;Brassicaceae;Camelineae;Arabidopsis	61	1	0	0	0	0	18	1
Aspergillus_nidulans	Fungi	Eukaryota;Opisthokonta;Fungi;Dikarya;Ascomycota;saccharomyceta;Pezizomycotina;leotiomyceta;Eurotiomycetes;Eurotiomycetidae;Eurotiales;Aspergillaceae;Aspergillus;Aspergillussubgen.Nidulantes	7	1	0	0	0	0	2	1
Aurantiochytrium_limacinum_ATCC_MYA-1381	Stramenopiles	Eukaryota;Sar;Stramenopiles;Bigyra;Labyrinthulomycetes;Thraustochytrida;Thraustochytriaceae;Aurantiochytrium	116	1	0	0	116	1	192	1
Aureococcus_anophagefferens_CCMP1984	Stramenopiles	Eukaryota;Sar;Stramenopiles;Ochrophyta;Pelagophyceae;Pelagomonadales;Pelagomonadaceae	11	1	0	0	4	1	4	1
Babesia_bigemina	Alveolata	Eukaryota;Sar;Alveolata;Apicomplexa;Aconoidasida;Piroplasmida;Babesiidae;Babesia	1	1	0	0	0	0	0	0
Basidiobolus_meristosporus_CBS	Fungi	Eukaryota;Opisthokonta;Fungi;Fungiincertaesedis;Zoopagomycota;Entomophthoromycotina;Basidiobolomycetes;Basidiobolales;Basidiobolaceae;Basidiobolus;Basidiobolusmeristosporus	145	1	0	0	0	0	186	1
Batrachochytrium_dendrobatidis_JAM81	Fungi	Eukaryota;Opisthokonta;Fungi;Fungiincertaesedis;Chytridiomycota;Chytridiomycotaincertaesedis;Chytridiomycetes;Rhizophydiales;Rhizophydialesincertaesedis	7	1	0	0	0	0	2	1
Bigelowiella_natans	Rhizaria	Eukaryota;Sar;Rhizaria;Cercozoa;Chlorarachniophyceae;Bigelowiella	11	1	0	0	0	0	6	1
Biomphalaria_glabrata	Metazoa	Eukaryota;Opisthokonta;Metazoa;Eumetazoa;Bilateria;Protostomia;Spiralia;Lophotrochozoa;Mollusca;Gastropoda;Heterobranchia;Euthyneura;Panpulmonata;Hygrophila;Lymnaeoidea;Planorbidae;Biomphalaria	43	1	0	0	0	0	48	1
Blastocladiella_britannica_JEL711	Fungi	Eukaryota;Opisthokonta;Fungi;Fungiincertaesedis;Blastocladiomycota;Blastocladiomycetes;Blastocladiales;Blastocladiaceae;Blastocladiella	5	1	0	0	0	0	6	1
Blastocystis_hominis	Stramenopiles	Eukaryota;Sar;Stramenopiles;Bigyra;Opalozoa;Opalinata;Blastocystidae;Blastocystis	1	1	0	0	20	1	6	1
Bodo_saltans	Excavata	Eukaryota;Discoba;Euglenozoa;Kinetoplastea;Metakinetoplastina;Eubodonida;Bodonidae;Bodo	6	1	0	0	0	0	8	1
Bombyx_mori	Metazoa	Eukaryota;Opisthokonta;Metazoa;Eumetazoa;Bilateria;Protostomia;Ecdysozoa;Panarthropoda;Arthropoda;Mandibulata;Pancrustacea;Hexapoda;Insecta;Dicondylia;Pterygota;Neoptera;Endopterygota;Amphiesmenoptera;Lepidoptera;Glossata;Neolepidoptera;Heteroneura;Ditrysia;Obtectomera;Bombycoidea;Bombycidae;Bombycinae;Bombyx	4	1	0	0	0	0	6	1
Branchiostoma_belcheri	Metazoa	Eukaryota;Opisthokonta;Metazoa;Eumetazoa;Bilateria;Deuterostomia;Chordata;Cephalochordata;Leptocardii;Amphioxiformes;Branchiostomatidae;Branchiostoma	9	1	0	0	0	0	24	1
Brugia_malayi	Metazoa	Eukaryota;Opisthokonta;Metazoa;Eumetazoa;Bilateria;Protostomia;Ecdysozoa;Nematoda;Chromadorea;Rhabditida;Spirurina;Spiruromorpha;Filarioidea;Onchocercidae;Brugia	8	1	0	0	0	0	2	1
Caenorhabditis_elegans	Metazoa	Eukaryota;Opisthokonta;Metazoa;Eumetazoa;Bilateria;Protostomia;Ecdysozoa;Nematoda;Chromadorea;Rhabditida;Rhabditina;Rhabditomorpha;Rhabditoidea;Rhabditidae;Peloderinae;Caenorhabditis	19	1	0	0	0	0	12	1
Cafeteria_roenbergensis	Stramenopiles	Eukaryota;Sar;Stramenopiles;Bigyra;Opalozoa;Bicosoecida;Cafeteriaceae;Cafeteria	9	1	0	0	0	0	0	0
Callorhinus_ursinus	Metazoa	Eukaryota;Opisthokonta;Metazoa;Eumetazoa;Bilateria;Deuterostomia;Chordata;Craniata;Vertebrata;Gnathostomata;Teleostomi;Euteleostomi;Sarcopterygii;Dipnotetrapodomorpha;Tetrapoda;Amniota;Mammalia;Theria;Eutheria;Boreoeutheria;Laurasiatheria;Carnivora;Caniformia;Pinnipedia;Otariidae;Callorhinus	34	1	0	0	0	0	46	1
Candida_albicans_SC5314	Fungi	Eukaryota;Opisthokonta;Fungi;Dikarya;Ascomycota;saccharomyceta;Saccharomycotina;Pichiomycetes;Serinales;Debaryomycetaceae;Candida/Lodderomycesclade;Candida	2	1	0	0	0	0	4	1
Capitella_teleta	Metazoa	Eukaryota;Opisthokonta;Metazoa;Eumetazoa;Bilateria;Protostomia;Spiralia;Lophotrochozoa;Annelida;Polychaeta;Sedentaria;Scolecida;Capitellidae;Capitella	6	1	0	0	8	1	23	1
Capsaspora_owczarzaki	Filasterea	Eukaryota;Opisthokonta;Filasterea;Capsaspora	5	1	0	0	4	1	6	1
Carpediemonas_membranifera	Metamonada	Eukaryota;Metamonada;Fornicata;Carpediemonas-likeorganisms;Carpediemonas	6	1	0	0	0	0	8	1
Catenaria_anguillulae_PL171	Fungi	Eukaryota;Opisthokonta;Fungi;Fungiincertaesedis;Blastocladiomycota;Blastocladiomycetes;Blastocladiales;Catenariaceae;Catenaria;Catenariaanguillulae	4	1	0	0	0	0	2	1
Caulerpa_lentillifera	Viridiplantae	Eukaryota;Viridiplantae;Chlorophyta;Ulvophyceae;TCBDclade;Bryopsidales;Halimedineae;Caulerpaceae;Caulerpa	5	1	0	0	0	0	10	1
Chara_braunii	Viridiplantae	Eukaryota;Viridiplantae;Streptophyta;Streptophytina;Charophyceae;Charales;Characeae;Chara	14	1	0	0	0	0	2	1
Chironomus_tepperi	Metazoa	Eukaryota;Opisthokonta;Metazoa;Eumetazoa;Bilateria;Protostomia;Ecdysozoa;Panarthropoda;Arthropoda;Mandibulata;Pancrustacea;Hexapoda;Insecta;Dicondylia;Pterygota;Neoptera;Endopterygota;Diptera;Nematocera;Culicomorpha;Chironomoidea;Chironomidae;Chironominae;Chironomini;Chironomus;Chironomus	14	1	0	0	0	0	14	1
Chlamydomonas_reinhardtii	Viridiplantae	Eukaryota;Viridiplantae;Chlorophyta;corechlorophytes;Chlorophyceae;CSclade;Chlamydomonadales;Chlamydomonadaceae;Chlamydomonas	11	1	0	0	0	0	22	1
Chlorella_variabilis	Viridiplantae	Eukaryota;Viridiplantae;Chlorophyta;corechlorophytes;Trebouxiophyceae;Chlorellales;Chlorellaceae;Chlorellaclade;Chlorella	9	1	0	0	0	0	8	1
Chondrus_crispus	Rhodophyta	Eukaryota;Rhodophyta;Florideophyceae;Rhodymeniophycidae;Gigartinales;Gigartinaceae;Chondrus	6	1	0	0	0	0	4	1
Chroomonas_mesostigmatica_CCMP1168	Cryptophyta	Eukaryota;Cryptophyceae;Pyrenomonadales;Chroomonadaceae;Chroomonas;Chroomonasmesostigmatica	1	1	0	0	0	0	0	0
Chrysochromulina_tobinii	Haptophyta	Eukaryota;Haptista;Haptophyta;Prymnesiophyceae;Prymnesiales;Chrysochromulinaceae;Chrysochromulina	11	1	0	0	4	1	6	1
Ciona_intestinalis	Metazoa	Eukaryota;Opisthokonta;Metazoa;Eumetazoa;Bilateria;Deuterostomia;Chordata;Tunicata;Ascidiacea;Phlebobranchia;Cionidae;Ciona	15	1	0	0	0	0	16	1
Cladosiphon_okamuranus	Stramenopiles	Eukaryota;Sar;Stramenopiles;Ochrophyta;PXclade;Phaeophyceae;Ectocarpales;Chordariaceae;Cladosiphon	31	1	0	0	31	1	59	1
Coccomyxa_subellipsoidea_C-169	Viridiplantae	Eukaryota;Viridiplantae;Chlorophyta;corechlorophytes;Trebouxiophyceae;Trebouxiophyceaeincertaesedis;Elliptochlorisclade;Coccomyxa;Coccomyxasubellipsoidea	12	1	0	0	0	0	6	1
Coemansia_reversa_NRRL_1564	Fungi	Eukaryota;Opisthokonta;Fungi;Fungiincertaesedis;Zoopagomycota;Kickxellomycotina;Kickxellomycetes;Kickxellales;Kickxellaceae;Coemansia;Coemansiareversa	4	1	0	0	0	0	6	1
Columba_livia	Metazoa	Eukaryota;Opisthokonta;Metazoa;Eumetazoa;Bilateria;Deuterostomia;Chordata;Craniata;Vertebrata;Gnathostomata;Teleostomi;Euteleostomi;Sarcopterygii;Dipnotetrapodomorpha;Tetrapoda;Amniota;Sauropsida;Sauria;Archelosauria;Archosauria;Dinosauria;Saurischia;Theropoda;Coelurosauria;Aves;Neognathae;Neoaves;Columbimorphae;Columbiformes;Columbidae;Columba	23	1	0	0	0	0	90	1
Conidiobolus_coronatus_NRLL_28638	Fungi	Eukaryota;Opisthokonta;Fungi;Fungiincertaesedis;Zoopagomycota;Entomophthoromycotina;Entomophthoromycetes;Entomophthorales;Ancylistaceae;Conidiobolus	3	1	0	0	12	1	4	1
Corticum_candelabrum	Metazoa	Eukaryota;Opisthokonta;Metazoa;Porifera;Homoscleromorpha;Homosclerophorida;Plakinidae;Corticium	7	1	0	0	0	0	10	1
Crassostrea_virginica	Metazoa	Eukaryota;Opisthokonta;Metazoa;Eumetazoa;Bilateria;Protostomia;Spiralia;Lophotrochozoa;Mollusca;Bivalvia;Autobranchia;Pteriomorphia;Ostreida;Ostreoidea;Ostreidae;Crassostrea	31	1	0	0	0	0	20	1
Cryptococcus_neoformans	Fungi	Eukaryota;Opisthokonta;Fungi;Dikarya;Basidiomycota;Agaricomycotina;Tremellomycetes;Tremellales;Cryptococcaceae;Cryptococcus;Cryptococcusneoformansspeciescomplex	4	1	0	0	0	0	6	1
Cryptomonas_paramecium	Cryptophyta	Eukaryota;Cryptophyceae;Cryptomonadales;Cryptomonadaceae;Cryptomonas	1	1	0	0	0	0	0	0
Cryptosporidium_muris_RN66	Alveolata	Eukaryota;Sar;Alveolata;Apicomplexa;Conoidasida;Coccidia;Eucoccidiorida;Eimeriorina;Cryptosporidiidae;Cryptosporidium;Cryptosporidiummuris	3	1	0	0	0	0	0	0
Cyanidioschyzon_merolae_strain_10D	Rhodophyta	Eukaryota;Rhodophyta;Bangiophyceae;Cyanidiales;Cyanidiaceae;Cyanidioschyzon	6	1	0	0	0	0	6	1
Danio_rerio	Metazoa	Eukaryota;Opisthokonta;Metazoa;Eumetazoa;Bilateria;Deuterostomia;Chordata;Craniata;Vertebrata;Gnathostomata;Teleostomi;Euteleostomi;Actinopterygii;Actinopteri;Neopterygii;Teleostei;Osteoglossocephalai;Clupeocephala;Otomorpha;Ostariophysi;Otophysi;Cypriniphysae;Cypriniformes;Cyprinoidei;Danionidae;Danioninae;Danio	22	1	0	0	0	0	24	1
Daphnia_magna	Metazoa	Eukaryota;Opisthokonta;Metazoa;Eumetazoa;Bilateria;Protostomia;Ecdysozoa;Panarthropoda;Arthropoda;Mandibulata;Pancrustacea;Crustacea;Branchiopoda;Phyllopoda;Diplostraca;Cladocera;Anomopoda;Daphniidae;Daphnia	14	1	0	0	0	0	34	1
Diacronema_lutheri	Hapophyta	Eukaryota;Haptista;Haptophyta;Pavlovales;Pavlovaceae;Diacronema	15	1	0	0	4	1	10	1
Dictyostelium_discoideum_AX4	Amoebozoa	Eukaryota;Amoebozoa;Evosea;Eumycetozoa;Dictyostelia;Dictyosteliales;Dictyosteliaceae;Dictyostelium	4	1	0	0	0	0	2	1
Diplonema_papillatum	Discoba	Eukaryota;Discoba;Euglenozoa;Diplonemea;Diplonemidae;Diplonema	20	1	0	0	4	1	10	1
Drosophila_melanogaster	Metazoa	Eukaryota;Opisthokonta;Metazoa;Eumetazoa;Bilateria;Protostomia;Ecdysozoa;Panarthropoda;Arthropoda;Mandibulata;Pancrustacea;Hexapoda;Insecta;Dicondylia;Pterygota;Neoptera;Endopterygota;Diptera;Brachycera;Muscomorpha;Eremoneura;Cyclorrhapha;Schizophora;Acalyptratae;Ephydroidea;Drosophilidae;Drosophilinae;Drosophilini;Drosophila;Sophophora;melanogastergroup;melanogastersubgroup	23	1	0	0	0	0	48	1
Dunaliella_salina	Viridiplantae	Eukaryota;Viridiplantae;Chlorophyta;corechlorophytes;Chlorophyceae;CSclade;Chlamydomonadales;Dunaliellaceae;Dunaliella	5	1	0	0	0	0	12	1
Echinococcus_multilocularis	Metazoa	Eukaryota;Opisthokonta;Metazoa;Eumetazoa;Bilateria;Protostomia;Spiralia;Lophotrochozoa;Platyhelminthes;Cestoda;Eucestoda;Cyclophyllidea;Taeniidae;Echinococcus	5	1	0	0	0	0	4	1
Ectocarpus_siliculosus	Stramenopiles	Eukaryota;Sar;Stramenopiles;Ochrophyta;PXclade;Phaeophyceae;Ectocarpales;Ectocarpaceae;Ectocarpus	9	1	0	0	4	1	8	1
Edhazardia_aedis	Fungi	Eukaryota;Opisthokonta;Fungi;Fungiincertaesedis;Microsporidia;Microsporidiaincertaesedis;Culicosporidae;Edhazardia;Edhazardiaaedis	2	1	0	0	0	0	0	0
Emiliania_huxleyi	Hapophyta	Eukaryota;Haptista;Haptophyta;Prymnesiophyceae;Isochrysidales;Noelaerhabdaceae;Emiliania	18	1	0	0	16	1	14	1
Encephalitozoon_cuniculi_GB-M1	Fungi	Eukaryota;Opisthokonta;Fungi;Fungiincertaesedis;Microsporidia;Apansporoblastina;Unikaryonidae;Encephalitozoon	1	1	0	0	0	0	0	0
Entamoeba_histolytica_HM-1:IMSS	Amoebozoa	Eukaryota;Amoebozoa;Evosea;Archamoebae;Mastigamoebida;Entamoebidae;Entamoeba	2	1	0	0	0	0	10	1
Fonticula_alba	Rotosphaerida	Eukaryota;Opisthokonta;Rotosphaerida;Fonticulaceae;Fonticula	0	0	0	0	0	0	4	1
Fragilariopsis_cylindrus_CCMP_1102	Stramenopiles	Eukaryota;Sar;Stramenopiles;Ochrophyta;Bacillariophyta;Bacillariophyceae;Bacillariophycidae;Bacillariales;Bacillariaceae;Fragilariopsis	12	1	0	0	4	1	6	1
Fusarium_oxysporum_f._sp._lycopersici_4287	Fungi	Eukaryota;Opisthokonta;Fungi;Dikarya;Ascomycota;saccharomyceta;Pezizomycotina;leotiomyceta;sordariomyceta;Sordariomycetes;Hypocreomycetidae;Hypocreales;Nectriaceae;Fusarium;Fusariumoxysporumspeciescomplex;Fusariumoxysporum;Fusariumoxysporumf.sp.lycopersici	20	1	0	0	0	0	2	1
Galdieria_sulphuraria	Rhodophyta	Eukaryota;Rhodophyta;Bangiophyceae;Galdieriales;Galdieriaceae;Galdieria	8	1	0	0	0	0	8	1
Gefionella_okellyi_strain_249	Malawimonada	Eukaryota;Malawimonadida;Malawimonadidae;Gefionella	9	1	0	0	0	0	12	1
Giardia_intestinalis	Metamonada	Eukaryota;Metamonada;Fornicata;Diplomonadida;Hexamitidae;Giardiinae;Giardia	1	1	0	0	0	0	0	0
Ginkgo_biloba	Viridiplantae	Eukaryota;Viridiplantae;Streptophyta;Streptophytina;Embryophyta;Tracheophyta;Euphyllophyta;Spermatophyta;Acrogymnospermae;Ginkgoopsida;Ginkgoidae;Ginkgoales;Ginkgoaceae;Ginkgo	6	1	0	0	0	0	6	1
Glossina_fuscipes	Metazoa	Eukaryota;Opisthokonta;Metazoa;Eumetazoa;Bilateria;Protostomia;Ecdysozoa;Panarthropoda;Arthropoda;Mandibulata;Pancrustacea;Hexapoda;Insecta;Dicondylia;Pterygota;Neoptera;Endopterygota;Diptera;Brachycera;Muscomorpha;Eremoneura;Cyclorrhapha;Schizophora;Calyptratae;Hippoboscoidea;Glossinidae;Glossina;Nemorhina	32	1	0	0	0	0	26	1
Gonapodya_prolifera_JEL478	Fungi	Eukaryota;Opisthokonta;Fungi;Fungiincertaesedis;Chytridiomycota;Chytridiomycotaincertaesedis;Monoblepharidomycetes;Monoblepharidales;Gonapodyaceae;Gonapodya	6	1	0	0	0	0	6	1
Gracilariopsis_chorda	Rhodophyta	Eukaryota;Rhodophyta;Florideophyceae;Rhodymeniophycidae;Gracilariales;Gracilariaceae;Gracilariopsis	7	1	0	0	0	0	8	1
Gregarina_niphandrodes	Alveolata	Eukaryota;Sar;Alveolata;Apicomplexa;Conoidasida;Gregarinasina;Eugregarinorida;Gregarinidae;Gregarina	4	1	0	0	0	0	0	0
Guillardia_theta_CCMP2712	Cryptophyta	Eukaryota;Cryptophyceae;Pyrenomonadales;Geminigeraceae;Guillardia;Guillardiatheta	9	1	0	0	4	1	16	1
Gyrodactylus_salaris	Metazoa	Eukaryota;Opisthokonta;Metazoa;Eumetazoa;Bilateria;Protostomia;Spiralia;Lophotrochozoa;Platyhelminthes;Monogenea;Monopisthocotylea;Gyrodactylidea;Gyrodactylidae;Gyrodactylus	4	1	0	0	0	0	0	0
Halichondria_panicea	Metazoa	Eukaryota;Opisthokonta;Metazoa;Porifera;Demospongiae;Heteroscleromorpha;Suberitida;Halichondriidae;Halichondria;Halichondria	8	1	0	0	4	1	10	1
Helobdella_robusta	Metazoa	Eukaryota;Opisthokonta;Metazoa;Eumetazoa;Bilateria;Protostomia;Spiralia;Lophotrochozoa;Annelida;Clitellata;Hirudinea;Rhynchobdellida;Glossiphoniidae;Helobdella	4	1	0	0	0	0	12	1
Hemiselmis_andersenii	Cryptophyta	Eukaryota;Cryptophyceae;Cryptomonadales;Hemiselmidaceae;Hemiselmis	1	1	0	0	0	0	0	0
Homo_sapiens	Metazoa	Eukaryota;Opisthokonta;Metazoa;Eumetazoa;Bilateria;Deuterostomia;Chordata;Craniata;Vertebrata;Gnathostomata;Teleostomi;Euteleostomi;Sarcopterygii;Dipnotetrapodomorpha;Tetrapoda;Amniota;Mammalia;Theria;Eutheria;Boreoeutheria;Euarchontoglires;Primates;Haplorrhini;Simiiformes;Catarrhini;Hominoidea;Hominidae;Homininae;Homo	100	1	0	0	0	0	110	1
Hondaea_fermentalgiana	Stramenopiles	Eukaryota;Sar;Stramenopiles;Bigyra;Labyrinthulomycetes;Thraustochytrida;Thraustochytriaceae;Hondaea	10	1	0	0	4	1	16	1
Hordeum_vulgare	Viridiplantae	Eukaryota;Viridiplantae;Streptophyta;Streptophytina;Embryophyta;Tracheophyta;Euphyllophyta;Spermatophyta;Magnoliopsida;Mesangiospermae;Liliopsida;Petrosaviidae;commelinids;Poales;Poaceae;BOPclade;Pooideae;Triticodae;Triticeae;Hordeinae;Hordeum	24	1	0	0	0	0	16	1
Hyalella_azteca	Metazoa	Eukaryota;Opisthokonta;Metazoa;Eumetazoa;Bilateria;Protostomia;Ecdysozoa;Panarthropoda;Arthropoda;Mandibulata;Pancrustacea;Crustacea;Multicrustacea;Malacostraca;Eumalacostraca;Peracarida;Amphipoda;Senticaudata;Talitrida;Talitroidea;Hyalellidae;Hyalella	11	1	0	0	0	0	18	1
Hyaloperonospora_brassicae	Stramenopiles	Eukaryota;Sar;Stramenopiles;Oomycota;Peronosporales;Peronosporaceae;Hyaloperonospora	5	1	0	0	4	1	4	1
Hydra_vulgaris	Metazoa	Eukaryota;Opisthokonta;Metazoa;Eumetazoa;Cnidaria;Hydrozoa;Hydroidolina;Anthoathecata;Aplanulata;Hydridae;Hydra	13	1	0	0	0	0	8	1
Hyphochytrium_catenoides	Stramenopiles	Eukaryota;Sar;Stramenopiles;Hyphochytriomycetes;Hyphochytriaceae;Hyphochytrium	5	1	0	0	4	1	8	1
Ichthyophthirius_multifiliis_strain_G5	Alveolata	Eukaryota;Sar;Alveolata;Ciliophora;Intramacronucleata;Oligohymenophorea;Hymenostomatida;Ophryoglenina;Ichthyophthirius;Ichthyophthiriusmultifiliis	13	1	0	0	0	0	0	0
Intoshia_linei	Metazoa	Eukaryota;Opisthokonta;Metazoa;Eumetazoa;Bilateria;Protostomia;Spiralia;Lophotrochozoa;Mesozoa;Orthonectida;Rhopaluridae;Intoshia	2	1	0	0	0	0	0	0
Ixodes_scapularis	Metazoa	Eukaryota;Opisthokonta;Metazoa;Eumetazoa;Bilateria;Protostomia;Ecdysozoa;Panarthropoda;Arthropoda;Chelicerata;Arachnida;Acari;Parasitiformes;Ixodida;Ixodoidea;Ixodidae;Ixodinae;Ixodes	19	1	0	0	0	0	30	1
Jakoba_bahamiensis	Discoba	Eukaryota;Discoba;Jakobida;Histionina;Jakobidae;Jakoba	2	1	0	0	0	0	4	1
Kipferlia_bialata	Metamonada	Eukaryota;Metamonada;Fornicata;Carpediemonas-likeorganisms;Kipferlia	4	1	0	0	0	0	4	1
Klebsormidium_nitens	Viridiplantae	Eukaryota;Viridiplantae;Streptophyta;Klebsormidiophyceae;Klebsormidiales;Klebsormidiaceae;Klebsormidium	18	1	0	0	0	0	12	1
Kluyveromyces_lactis	Fungi	Eukaryota;Opisthokonta;Fungi;Dikarya;Ascomycota;saccharomyceta;Saccharomycotina;Saccharomycetes;Saccharomycetales;Saccharomycetaceae;Kluyveromyces	3	1	0	0	0	0	4	1
Leishmania_major_Friedlin	Discoba	Eukaryota;Discoba;Euglenozoa;Kinetoplastea;Metakinetoplastina;Trypanosomatida;Trypanosomatidae;Leishmaniinae;Leishmania;Leishmania;Leishmaniamajorspeciescomplex	2	1	0	0	0	0	2	1
Lepeophtheirus_salmonis	Metazoa	Eukaryota;Opisthokonta;Metazoa;Eumetazoa;Bilateria;Protostomia;Ecdysozoa;Panarthropoda;Arthropoda;Mandibulata;Pancrustacea;Crustacea;Multicrustacea;Hexanauplia;Copepoda;Neocopepoda;Podoplea;Siphonostomatoida;Caligidae;Lepeophtheirus	15	1	0	0	0	0	10	1
Leptomonas_seymouri	Discoba	Eukaryota;Discoba;Euglenozoa;Kinetoplastea;Metakinetoplastina;Trypanosomatida;Trypanosomatidae;Leishmaniinae;Leptomonas	3	1	0	0	0	0	2	1
Lichteimia_ornata	Fungi	Eukaryota;Opisthokonta;Fungi;Fungiincertaesedis;Mucoromycota;Mucoromycotina;Mucoromycetes;Mucorales;Lichtheimiaceae;Lichtheimia	8	1	0	0	0	0	16	1
Limulus_polyphemus	Metazoa	Eukaryota;Opisthokonta;Metazoa;Eumetazoa;Bilateria;Protostomia;Ecdysozoa;Panarthropoda;Arthropoda;Chelicerata;Merostomata;Xiphosura;Limulidae;Limulus	32	1	0	0	0	0	18	1
Linderina_pennispora_ATCC12442	Fungi	Eukaryota;Opisthokonta;Fungi;Fungiincertaesedis;Zoopagomycota;Kickxellomycotina;Kickxellomycetes;Kickxellales;Kickxellaceae;Linderina	4	1	0	0	0	0	4	1
Lingula_anatina	Metazoa	Eukaryota;Opisthokonta;Metazoa;Eumetazoa;Bilateria;Protostomia;Spiralia;Lophotrochozoa;Brachiopoda;Linguliformea;Lingulata;Lingulida;Linguloidea;Lingulidae;Lingula	33	1	0	0	0	0	44	1
Lobosporangium_transversale_NRRL_3116	Fungi	Eukaryota;Opisthokonta;Fungi;Fungiincertaesedis;Mucoromycota;Mortierellomycotina;Mortierellomycetes;Mortierellales;Mortierellaceae;Lobosporangium	6	1	0	0	0	0	8	1
Lottia_gigantea	Metazoa	Eukaryota;Opisthokonta;Metazoa;Eumetazoa;Bilateria;Protostomia;Spiralia;Lophotrochozoa;Mollusca;Gastropoda;Patellogastropoda;Lottioidea;Lottiidae;Lottia	9	1	0	0	0	0	14	1
Malawimonas_californiana	Malawimonada	Eukaryota;Malawimonadida;Malawimonadidae;Malawimonas	3	1	0	0	0	0	6	1
Malawimonas_jakobiformis	Malawimonada	Eukaryota;Malawimonadida;Malawimonadidae;Malawimonas	7	1	0	0	0	0	12	1
Marchantia_polymorpha	Viridiplantae	Eukaryota;Viridiplantae;Streptophyta;Streptophytina;Embryophyta;Marchantiophyta;Marchantiopsida;Marchantiidae;Marchantiales;Marchantiaceae;Marchantia	20	1	0	0	0	0	16	1
Martensiomyces_pterosporus	Fungi	Eukaryota;Opisthokonta;Fungi;Fungiincertaesedis;Zoopagomycota;Kickxellomycotina;Kickxellomycetes;Kickxellales;Kickxellaceae;Martensiomyces	4	1	0	0	0	0	6	1
Mastigamoeba_balamuthi	Amoebozoa	Eukaryota;Amoebozoa;Evosea;Archamoebae;Mastigamoebida;Mastigamoebidae;Mastigamoeba	9	1	0	0	0	0	22	1
Melampsora_laricis-populina	Fungi	Eukaryota;Opisthokonta;Fungi;Dikarya;Basidiomycota;Pucciniomycotina;Pucciniomycetes;Pucciniales;Melampsoraceae;Melampsora	4	1	0	0	0	0	2	1
Nannochloropsis_salina_CCMP1776	Stramenopiles	Eukaryota;Sar;Stramenopiles;Ochrophyta;Eustigmatophyceae;Eustigmatales;Monodopsidaceae;Microchloropsis	10	1	0	0	0	0	2	1
Micromonas_pusilla_CCP1545	Viridiplantae	Eukaryota;Viridiplantae;Chlorophyta;Mamiellophyceae;Mamiellales;Mamiellaceae	6	1	0	0	0	0	14	1
Mitosporidium_daphniae	Fungi	Eukaryota;Opisthokonta;Fungi;Fungiincertaesedis;Microsporidia;Microsporidiaincertaesedis;Mitosporidium	1	1	0	0	4	1	0	0
Mixia_osmundae_IAM_14324	Fungi	Eukaryota;Opisthokonta;Fungi;Dikarya;Basidiomycota;Pucciniomycotina;Mixiomycetes;Mixiales;Mixiaceae;Mixia;Mixiaosmundae	3	1	0	0	0	0	4	1
Mnemiopsis_leidyi	Metazoa	Eukaryota;Opisthokonta;Metazoa;Eumetazoa;Ctenophora;Tentaculata;Lobata;Bolinopsidae;Mnemiopsis	11	1	0	0	4	1	14	1
Monocercomonoides_exilis	Metamonada	Eukaryota;Metamonada;Preaxostyla;Oxymonadida;Polymastigidae;Monocercomonoides	0	0	0	0	0	0	8	1
Monoraphidium_neglectum	Viridiplantae	Eukaryota;Viridiplantae;Chlorophyta;corechlorophytes;Chlorophyceae;CSclade;Sphaeropleales;Selenastraceae;Monoraphidium	3	1	0	0	0	0	12	1
Monosiga_brevicollis_MX1	Amorphea	Eukaryota;Opisthokonta;Choanoflagellata;Craspedida;Salpingoecidae;Monosiga;Monosigabrevicollis	8	1	0	0	0	0	4	1
Podila_verticillata_NRRL6337	Fungi	Eukaryota;Opisthokonta;Fungi;Fungi_incertae_sedis;Mucoromycota;Mortierellomycotina;Mortierellomycetes;Mortierellales;Mortierellaceae;Podila	7	1	0	0	0	0	4	1
Mucor_mucedo	Fungi	Eukaryota;Opisthokonta;Fungi;Fungiincertaesedis;Mucoromycota;Mucoromycotina;Mucoromycetes;Mucorales;Mucorineae;Mucoraceae;Mucor	8	1	0	0	0	0	16	1
Mus_musculus	Metazoa	Eukaryota;Opisthokonta;Metazoa;Eumetazoa;Bilateria;Deuterostomia;Chordata;Craniata;Vertebrata;Gnathostomata;Teleostomi;Euteleostomi;Sarcopterygii;Dipnotetrapodomorpha;Tetrapoda;Amniota;Mammalia;Theria;Eutheria;Boreoeutheria;Euarchontoglires;Glires;Rodentia;Myomorpha;Muroidea;Muridae;Murinae;Mus;Mus	47	1	0	0	0	0	28	1
Naegleria_fowleri	Discoba	Eukaryota;Discoba;Heterolobosea;Tetramitia;Eutetramitia;Vahlkampfiidae;Naegleria	2	1	0	0	0	0	14	1
Nelumbo_nucifera	Viridiplantae	Eukaryota;Viridiplantae;Streptophyta;Streptophytina;Embryophyta;Tracheophyta;Euphyllophyta;Spermatophyta;Magnoliopsida;Mesangiospermae;Proteales;Nelumbonaceae;Nelumbo	42	1	0	0	0	0	16	1
Nematostella_vectensis	Metazoa	Eukaryota;Opisthokonta;Metazoa;Eumetazoa;Cnidaria;Anthozoa;Hexacorallia;Actiniaria;Edwardsiidae;Nematostella	16	1	0	0	0	0	8	1
Neocallimastix_californea	Fungi	Eukaryota;Opisthokonta;Fungi;Fungiincertaesedis;Chytridiomycota;Chytridiomycotaincertaesedis;Neocallimastigomycetes;Neocallimastigales;Neocallimastigaceae;Neocallimastix	6	1	0	0	20	1	12	1
Neoconidiobolus_thromboides_FSU785	Fungi	Eukaryota;Opisthokonta;Fungi;Fungiincertaesedis;Zoopagomycota;Entomophthoromycotina;Entomophthoromycetes;Entomophthorales;Ancylistaceae;Neoconidiobolus	6	1	0	0	12	1	8	1
Neopyropia_yezoensis	Rhodophyta	Eukaryota;Rhodophyta;Bangiophyceae;Bangiales;Bangiaceae;Pyropia	9	1	0	0	0	0	14	1
Neurospora_crassa	Fungi	Eukaryota;Opisthokonta;Fungi;Dikarya;Ascomycota;saccharomyceta;Pezizomycotina;leotiomyceta;sordariomyceta;Sordariomycetes;Sordariomycetidae;Sordariales;Sordariaceae;Neurospora	5	1	0	0	0	0	2	1
Nosema_bombycis_CQ1	Fungi	Eukaryota;Opisthokonta;Fungi;Fungiincertaesedis;Microsporidia;Apansporoblastina;Nosematidae;Nosema	0	0	0	0	0	0	0	0
Octopus_bimaculoides	Metazoa	Eukaryota;Opisthokonta;Metazoa;Eumetazoa;Bilateria;Protostomia;Spiralia;Lophotrochozoa;Mollusca;Cephalopoda;Coleoidea;Octopodiformes;Octopoda;Incirrata;Octopodidae;Octopus	15	1	0	0	0	0	6	1
Oikopleura_dioica	Metazoa	Eukaryota;Opisthokonta;Metazoa;Eumetazoa;Bilateria;Deuterostomia;Chordata;Tunicata;Appendicularia;Copelata;Oikopleuridae;Oikopleura	9	1	0	0	0	0	6	1
Onchocerca_flexuosa	Metazoa	Eukaryota;Opisthokonta;Metazoa;Eumetazoa;Bilateria;Protostomia;Ecdysozoa;Nematoda;Chromadorea;Rhabditida;Spirurina;Spiruromorpha;Filarioidea;Onchocercidae;Onchocerca	5	1	0	0	0	0	2	1
Ornithorhynchus_anatinus	Metazoa	Eukaryota;Opisthokonta;Metazoa;Eumetazoa;Bilateria;Deuterostomia;Chordata;Craniata;Vertebrata;Gnathostomata;Teleostomi;Euteleostomi;Sarcopterygii;Dipnotetrapodomorpha;Tetrapoda;Amniota;Mammalia;Prototheria;Monotremata;Ornithorhynchidae;Ornithorhynchus	35	1	0	0	0	0	107	1
Pecoramyces ruminantium	Fungi	Eukaryota;Opisthokonta;Fungi;Fungiincertaesedis;Chytridiomycota;Chytridiomycotaincertaesedis;Neocallimastigomycetes;Neocallimastigales;Neocallimastigaceae;Pecoramyces	1	1	0	0	8	1	6	1
Oryza_sativa_japonica	Viridiplantae	Eukaryota;Viridiplantae;Streptophyta;Streptophytina;Embryophyta;Tracheophyta;Euphyllophyta;Spermatophyta;Magnoliopsida;Mesangiospermae;Liliopsida;Petrosaviidae;commelinids;Poales;Poaceae;BOPclade;Oryzoideae;Oryzeae;Oryzinae;Oryza;Oryzasativa	33	1	0	0	0	0	68	1
Ostreococcus_tauri	Viridiplantae	Eukaryota;Viridiplantae;Chlorophyta;Mamiellophyceae;Mamiellales;Bathycoccaceae;Ostreococcus	10	1	0	0	0	0	12	1
Oxytricha_trifallax_KRB310	Alveolata	Eukaryota;Sar;Alveolata;Ciliophora;Intramacronucleata;Spirotrichea;Stichotrichia;Sporadotrichida;Oxytrichidae;Oxytrichinae;Oxytricha	17	1	0	0	0	0	0	0
Paramecium_tetraurelia	Alveolata	Eukaryota;Sar;Alveolata;Ciliophora;Intramacronucleata;Oligohymenophorea;Peniculida;Parameciidae;Paramecium	23	1	0	0	0	0	0	0
Paratrimastix_pyriformis	Metamonada	Eukaryota;Metamonada;Preaxostyla;Paratrimastigidae;Paratrimastix	1	1	0	0	4	1	13	1
Patiria_miniata	Metazoa	Eukaryota;Opisthokonta;Metazoa;Eumetazoa;Bilateria;Deuterostomia;Echinodermata;Eleutherozoa;Asterozoa;Asteroidea;Valvatacea;Valvatida;Asterinidae;Patiria	18	1	0	0	0	0	6	1
Paulinella_micropora_KR01	Rhizaria	Eukaryota;Sar;Rhizaria;Cercozoa;Imbricatea;Silicofilosea;Euglyphida;Paulinellidae;Paulinella	8	1	0	0	8	1	28	1
Pediculus_humanus_corporis	Metazoa	Eukaryota;Opisthokonta;Metazoa;Eumetazoa;Bilateria;Protostomia;Ecdysozoa;Panarthropoda;Arthropoda;Mandibulata;Pancrustacea;Hexapoda;Insecta;Dicondylia;Pterygota;Neoptera;Paraneoptera;Psocodea;Phthiraptera;Anoplura;Pediculidae;Pediculus	5	1	0	0	0	0	4	1
Pelagomonas_calceolata	Stramenopiles	Eukaryota;Sar;Stramenopiles;Ochrophyta;Pelagophyceae;Pelagomonadales;Pelagomonadaceae;Pelagomonas	10	1	0	0	4	1	0	0
Pelodiscus_sinensis	Metazoa	Eukaryota;Opisthokonta;Metazoa;Eumetazoa;Bilateria;Deuterostomia;Chordata;Craniata;Vertebrata;Gnathostomata;Teleostomi;Euteleostomi;Sarcopterygii;Dipnotetrapodomorpha;Tetrapoda;Amniota;Sauropsida;Sauria;Archelosauria;Testudinata;Testudines;Cryptodira;Trionychia;Trionychidae;Pelodiscus	26	1	0	0	0	0	18	1
Penicillium_alfredii	Fungi	Eukaryota;Opisthokonta;Fungi;Dikarya;Ascomycota;saccharomyceta;Pezizomycotina;leotiomyceta;Eurotiomycetes;Eurotiomycetidae;Eurotiales;Aspergillaceae;Penicillium	6	1	0	0	0	0	4	1
Perkinsela_sp._CCAP_1560/4	Discoba	Eukaryota;Discoba;Euglenozoa;Kinetoplastea;Prokinetoplastina;Ichthyobodonidae	1	1	0	0	0	0	2	1
Perkinsus_marinus_ATCC_50983	Alveolata	Eukaryota;Sar;Alveolata;Perkinsozoa;Perkinsea;Perkinsida;Perkinsidae;Perkinsus;Perkinsusmarinus	2	1	0	0	0	0	32	1
Petromyzon_marinus	Metazoa	Eukaryota;Opisthokonta;Metazoa;Eumetazoa;Bilateria;Deuterostomia;Chordata;Craniata;Vertebrata;Cyclostomata;Hyperoartia;Petromyzontiformes;Petromyzontidae;Petromyzon	17	1	0	0	0	0	16	1
Phaeodactylum_tricornutum_CCAP1055/1	Stramenopiles	Eukaryota;Sar;Stramenopiles;Ochrophyta;Bacillariophyta;Bacillariophyceae;Bacillariophycidae;Naviculales;Phaeodactylaceae;Phaeodactylum	12	1	0	0	4	1	10	1
Pharyngomonas_kirbyi	Discoba	Eukaryota;Discoba;Heterolobosea;Pharyngomonada;Pharyngomonas	2	1	0	0	0	0	6	1
Phycomyces_blakesleeanus_NRRL1555	Fungi	Eukaryota;Opisthokonta;Fungi;Fungiincertaesedis;Mucoromycota;Mucoromycotina;Mucoromycetes;Mucorales;Phycomycetaceae;Phycomyces;Phycomycesblakesleeanus	7	1	0	0	0	0	10	1
Physcomitrium_patens	Viridiplantae	Eukaryota;Viridiplantae;Streptophyta;Streptophytina;Embryophyta;Bryophyta;Bryophytina;Bryopsida;Funariidae;Funariales;Funariaceae;Physcomitrium	66	1	0	0	0	0	36	1
Phytomonas_sp._isolate_Hart1	Discoba	Eukaryota;Discoba;Euglenozoa;Kinetoplastea;Metakinetoplastina;Trypanosomatida;Trypanosomatidae;Phytomonas;unclassifiedPhytomonas	0	0	0	0	0	0	2	1
Phytophthora_infestans_T30-4	Stramenopiles	Eukaryota;Sar;Stramenopiles;Oomycota;Peronosporales;Peronosporaceae;Phytophthora	7	1	0	0	4	1	2	1
Picea_abies	Viridiplantae	Eukaryota;Viridiplantae;Streptophyta;Streptophytina;Embryophyta;Tracheophyta;Euphyllophyta;Spermatophyta;Acrogymnospermae;Pinopsida;Pinidae;ConifersI;Pinales;Pinaceae;Picea	7	1	0	0	0	0	4	1
Piromyces_finnis	Fungi	Eukaryota;Opisthokonta;Fungi;Fungiincertaesedis;Chytridiomycota;Chytridiomycotaincertaesedis;Neocallimastigomycetes;Neocallimastigales;Neocallimastigaceae;Piromyces	3	1	0	0	4	1	6	1
Planomonas_micra	Ancyromonadida	Eukaryota;Ancyromonadida;Planomonadidae;Planomonas	6	1	0	0	0	0	4	1
Planoprotostelium_fungivorum	Amoebozoa	Eukaryota;Amoebozoa;Evosea;Variosea;Cavosteliida;Cavosteliaceae;Planoprotostelium	6	1	0	0	0	0	4	1
Plasmodiophora_brassicae	Rhizaria	Eukaryota;Sar;Rhizaria;Endomyxa;Phytomyxea;Plasmodiophorida;Plasmodiophoridae;Plasmodiophora	5	1	0	0	0	0	4	1
Plasmodium_falciparum_3D7	Alveolata	Eukaryota;Sar;Alveolata;Apicomplexa;Aconoidasida;Haemosporida;Plasmodiidae;Plasmodium;Plasmodium(Laverania);Plasmodiumfalciparum	1	1	0	0	0	0	0	0
Plasmopara_halstedii	Stramenopiles	Eukaryota;Sar;Stramenopiles;Oomycota;Peronosporales;Peronosporaceae;Plasmopara	6	1	0	0	4	1	2	1
Pneumocystis_murina_B123	Fungi	Eukaryota;Opisthokonta;Fungi;Dikarya;Ascomycota;Taphrinomycotina;Pneumocystomycetes;Pneumocystales;Pneumocystaceae;Pneumocystis;Pneumocystismurina	2	1	0	0	0	0	0	0
Heterostelium_album_PN500	Amoebozoa	Eukaryota;Amoebozoa;Evosea;Eumycetozoa;Dictyostelia;Acytosteliales;Acytosteliaceae;Heterostelium;Heterosteliumalbum	4	1	0	0	0	0	0	0
Porphyra_umbilicalis	Rhodophyta	Eukaryota;Rhodophyta;Bangiophyceae;Bangiales;Bangiaceae;Porphyra	8	1	0	0	0	0	6	1
Porphyridium_purpureum	Rhodophyta	Eukaryota;Rhodophyta;Bangiophyceae;Porphyridiales;Porphyridiaceae;Porphyridium	9	1	0	0	12	1	10	1
Priapulus_caudatus	Metazoa	Eukaryota;Opisthokonta;Metazoa;Eumetazoa;Bilateria;Protostomia;Ecdysozoa;Scalidophora;Priapulida;Priapulimorpha;Priapulimorphida;Priapulidae;Priapulus	12	1	0	0	0	0	12	1
Pristionchus_pacificus	Metazoa	Eukaryota;Opisthokonta;Metazoa;Eumetazoa;Bilateria;Protostomia;Ecdysozoa;Nematoda;Chromadorea;Rhabditida;Rhabditina;Diplogasteromorpha;Diplogasteroidea;Neodiplogasteridae;Pristionchus	13	1	0	0	0	0	4	1
Proteomonas_sulcata	Cryptophyta	Eukaryota;Cryptophyceae;Pyrenomonadales;Geminigeraceae;Proteomonas	235	1	0	0	40	1	262	1
Prymnesium_parvum	Haptophyta	Eukaryota;Haptista;Haptophyta;Prymnesiophyceae;Prymnesiales;Prymnesiaceae;Prymnesium	24	1	0	0	8	1	12	1
Pseudocohnilembus_persalinus	Alveolata	Eukaryota;Sar;Alveolata;Ciliophora;Intramacronucleata;Oligohymenophorea;Scuticociliatia;Philasterida;Pseudocohnilembidae;Pseudocohnilembus	9	1	0	0	0	0	0	0
Ptychodera_flava	Metazoa	Eukaryota;Opisthokonta;Metazoa;Eumetazoa;Bilateria;Deuterostomia;Hemichordata;Enteropneusta;Ptychoderidae;Ptychodera	21	1	0	0	0	0	66	1
Pythium_ultimum_DAOM_BR144	Stramenopiles	Eukaryota;Sar;Stramenopiles;Oomycota;Pythiales;Pythiaceae;Globisporangium;Globisporangiumultimum	9	1	0	0	4	1	2	1
Ramazzottius_varieornatus	Metazoa	Eukaryota;Opisthokonta;Metazoa;Eumetazoa;Bilateria;Protostomia;Ecdysozoa;Panarthropoda;Tardigrada;Eutardigrada;Parachela;Hypsibioidea;Ramazzottiidae;Ramazzottius	13	1	0	0	0	0	10	1
Ramicandelaber_brevisporus	Fungi	Eukaryota;Opisthokonta;Fungi;Fungiincertaesedis;Zoopagomycota;Kickxellomycotina;Kickxellomycotinaincertaesedis;Ramicandelaberales;Ramicandelaberaceae;Ramicandelaber	3	1	0	0	0	0	2	1
Reclinomonas_americana	Discoba	Eukaryota;Discoba;Jakobida;Histionina;Reclinomonas	4	1	0	0	0	0	0	0
Reticulomyxa_filosa	Rhizaria	Eukaryota;Sar;Rhizaria;Retaria;Foraminifera;Monothalamids;Reticulomyxidae;Reticulomyxa	0	0	0	0	0	0	0	0
Rhizoctonia_solani	Fungi	Eukaryota;Opisthokonta;Fungi;Dikarya;Basidiomycota;Agaricomycotina;Agaricomycetes;Agaricomycetesincertaesedis;Cantharellales;Ceratobasidiaceae;Rhizoctonia	7	1	0	0	0	0	2	1
Rhizophagus_irregularis	Fungi	Eukaryota;Opisthokonta;Fungi;Fungiincertaesedis;Mucoromycota;Glomeromycotina;Glomeromycetes;Glomerales;Glomeraceae;Rhizophagus	7	1	0	0	0	0	4	1
Rhodosorus_marinus	Rhodophyta	Eukaryota;Rhodophyta;Stylonematophyceae;Stylonematales;Stylonemataceae;Rhodosorus	9	1	0	0	16	1	6	1
Rhodotorula_toruloides_NP11	Fungi	Eukaryota;Opisthokonta;Fungi;Dikarya;Basidiomycota;Pucciniomycotina;Microbotryomycetes;Sporidiobolales;Sporidiobolaceae;Rhodotorula;unclassifiedRhodotorula	6	1	0	0	0	0	4	1
Rozella_allomycis	Fungi	Eukaryota;Opisthokonta;Fungi;Fungiincertaesedis;Cryptomycota;Cryptomycotaincertaesedis;Rozella	3	1	0	0	4	1	2	1
Saccharomyces_cerevisiae_S288C	Fungi	Eukaryota;Opisthokonta;Fungi;Dikarya;Ascomycota;saccharomyceta;Saccharomycotina;Saccharomycetes;Saccharomycetales;Saccharomycetaceae;Saccharomyces	3	1	0	0	0	0	6	1
Saccoglossus_kowalevskii	Metazoa	Eukaryota;Opisthokonta;Metazoa;Eumetazoa;Bilateria;Deuterostomia;Hemichordata;Enteropneusta;Harrimaniidae;Saccoglossus	6	1	0	0	0	0	28	1
Saitoella_complicata_NRRL_Y-17804	Fungi	Eukaryota;Opisthokonta;Fungi;Dikarya;Ascomycota;Taphrinomycotina;Taphrinomycotinaincertaesedis;Saitoella;Saitoellacomplicata	4	1	0	0	0	0	4	1
Salpingoeca_rosetta	Amorphea	Eukaryota;Opisthokonta;Choanoflagellata;Craspedida;Salpingoecidae;Salpingoeca	8	1	0	0	0	0	4	1
Saprolegnia_diclina_VS20	Stramenopiles	Eukaryota;Sar;Stramenopiles;Oomycota;Saprolegniales;Saprolegniaceae;Saprolegnia	8	1	0	0	8	1	2	1
Schistosoma_mansoni	Metazoa	Eukaryota;Opisthokonta;Metazoa;Eumetazoa;Bilateria;Protostomia;Spiralia;Lophotrochozoa;Platyhelminthes;Trematoda;Digenea;Strigeidida;Schistosomatoidea;Schistosomatidae;Schistosoma	3	1	0	0	0	0	2	1
Schizochytrium_aggregatum_ATCC_28209	Stramenopiles	Eukaryota;Sar;Stramenopiles;Bigyra;Labyrinthulomycetes;Thraustochytrida;Thraustochytriaceae;Schizochytrium;Schizochytriumaggregatum	112	1	0	0	52	1	12	1
Schizosaccharomyces_pombe_ASM294V2	Fungi	Eukaryota;Opisthokonta;Fungi;Dikarya;Ascomycota;Taphrinomycotina;Schizosaccharomycetes;Schizosaccharomycetales;Schizosaccharomycetaceae;Schizosaccharomyces;Schizosaccharomycespombe	4	1	0	0	0	0	2	1
Schmidtea_mediterranea	Metazoa	Eukaryota;Opisthokonta;Metazoa;Eumetazoa;Bilateria;Protostomia;Spiralia;Lophotrochozoa;Platyhelminthes;Rhabditophora;Seriata;Tricladida;Continenticola;Geoplanoidea;Dugesiidae;Schmidtea	7	1	0	0	0	0	2	1
Selaginella_moellendorffii	Viridiplantae	Eukaryota;Viridiplantae;Streptophyta;Streptophytina;Embryophyta;Tracheophyta;Lycopodiopsida;Selaginellales;Selaginellaceae;Selaginella	26	1	0	0	0	0	34	1
Smittium_mucronatum	Fungi	Eukaryota;Opisthokonta;Fungi;Fungiincertaesedis;Zoopagomycota;Kickxellomycotina;Harpellomycetes;Harpellales;Legeriomycetaceae;Smittium	2	1	0	0	0	0	2	1
Soboliphyme_baturini	Metazoa	Eukaryota;Opisthokonta;Metazoa;Eumetazoa;Bilateria;Protostomia;Ecdysozoa;Nematoda;Enoplea;Dorylaimia;Dioctophymatida;Dioctophymatoidea;Soboliphymatidae;Soboliphyme	1	1	0	0	0	0	6	1
Sorghum_bicolor	Viridiplantae	Eukaryota;Viridiplantae;Streptophyta;Streptophytina;Embryophyta;Tracheophyta;Euphyllophyta;Spermatophyta;Magnoliopsida;Mesangiospermae;Liliopsida;Petrosaviidae;commelinids;Poales;Poaceae;PACMADclade;Panicoideae;Andropogonodae;Andropogoneae;Sorghinae;Sorghum	34	1	0	0	0	0	48	1
Sphaeroform_artica_JP610_V1	Ichthyosporea	Eukaryota;Opisthokonta;Ichthyosporea;Ichthyophonida;Sphaeroforma;Sphaeroformaarctica	9	1	0	0	4	1	4	1
Sphagnum_fallax	Viridiplantae	Eukaryota;Viridiplantae;Streptophyta;Streptophytina;Embryophyta;Bryophyta;Sphagnophytina;Sphagnopsida;Sphagnales;Sphagnaceae;Sphagnum	52	1	0	0	0	0	24	1
Spironucleus_salmonicida	Metamonada	Eukaryota;Metamonada;Fornicata;Diplomonadida;Hexamitidae;Hexamitinae;Spironucleus	2	1	0	0	0	0	0	0
Spizellomyces_punctatus_DAOM_BR117	Fungi	Eukaryota;Opisthokonta;Fungi;Fungiincertaesedis;Chytridiomycota;Chytridiomycotaincertaesedis;Chytridiomycetes;Spizellomycetales;Spizellomycetaceae;Spizellomyces;Spizellomycespunctatus	6	1	0	0	0	0	6	1
Stegodyphus_mimosarum	Metazoa	Eukaryota;Opisthokonta;Metazoa;Eumetazoa;Bilateria;Protostomia;Ecdysozoa;Panarthropoda;Arthropoda;Chelicerata;Arachnida;Araneae;Araneomorphae;Entelegynae;Eresoidea;Eresidae;Stegodyphus	12	1	0	0	0	0	20	1
Stentor_coeruleus	Alveolata	Eukaryota;Sar;Alveolata;Ciliophora;Postciliodesmatophora;Heterotrichea;Heterotrichida;Stentoridae;Stentor	17	1	0	0	0	0	0	0
Strigamia_maritima	Metazoa	Eukaryota;Opisthokonta;Metazoa;Eumetazoa;Bilateria;Protostomia;Ecdysozoa;Panarthropoda;Arthropoda;Mandibulata;Myriapoda;Chilopoda;Pleurostigmophora;Epimorpha;Geophilomorpha;Linotaeniidae;Strigamia	4	1	0	0	0	0	10	1
Strigomonas_culicis	Excavata	Eukaryota;Discoba;Euglenozoa;Kinetoplastea;Metakinetoplastina;Trypanosomatida;Trypanosomatidae;Strigomonadinae;Strigomonas	4	1	0	0	0	0	6	1
Strongylocentrotus_purpuratus	Metazoa	Eukaryota;Opisthokonta;Metazoa;Eumetazoa;Bilateria;Deuterostomia;Echinodermata;Eleutherozoa;Echinozoa;Echinoidea;Euechinoidea;Echinacea;Camarodonta;Echinidea;Strongylocentrotidae;Strongylocentrotus	16	1	0	0	0	0	18	1
Strongyloides_ratti_ED321	Metazoa	Eukaryota;Opisthokonta;Metazoa;Eumetazoa;Bilateria;Protostomia;Ecdysozoa;Nematoda;Chromadorea;Rhabditida;Tylenchina;Panagrolaimomorpha;Strongyloidoidea;Strongyloididae;Strongyloides	12	1	0	0	0	0	4	1
Stylonychia_lemnae	Alveolata	Eukaryota;Sar;Alveolata;Ciliophora;Intramacronucleata;Spirotrichea;Stichotrichia;Sporadotrichida;Oxytrichidae;Stylonychinae;Stylonychia	13	1	0	0	0	0	0	0
Sycon_ciliatum	Metazoa	Eukaryota;Opisthokonta;Metazoa;Porifera;Calcarea;Calcaronea;Leucosolenida;Sycettidae;Sycon	10	1	0	0	4	1	8	1
Symbiodinium_sp_C106	Alveolata	Eukaryota;Sar;Alveolata;Dinophyceae;Suessiales;Symbiodiniaceae;Cladocopium;unclassifiedCladocopium;Cladocopiumsp.cladeC;SymbiodiniumcladeCisolates	22	1	0	0	4	1	62	1
Syncephalis_plumigaleata_NRRL_S24_v1.0	Fungi	Eukaryota;Opisthokonta;Fungi;Fungiincertaesedis;Zoopagomycota;Zoopagomycotina;Zoopagomycetes;Zoopagales;Piptocephalidaceae;Syncephalis	4	1	0	0	4	1	8	1
Taenia_crassiceps	Metazoa	Eukaryota;Opisthokonta;Metazoa;Eumetazoa;Bilateria;Protostomia;Spiralia;Lophotrochozoa;Platyhelminthes;Cestoda;Eucestoda;Cyclophyllidea;Taeniidae;Taenia	6	1	0	0	0	0	6	1
Takifugu_flavidus	Metazoa	Eukaryota;Opisthokonta;Metazoa;Eumetazoa;Bilateria;Deuterostomia;Chordata;Craniata;Vertebrata;Gnathostomata;Teleostomi;Euteleostomi;Actinopterygii;Actinopteri;Neopterygii;Teleostei;Osteoglossocephalai;Clupeocephala;Euteleosteomorpha;Neoteleostei;Eurypterygia;Ctenosquamata;Acanthomorphata;Euacanthomorphacea;Percomorphaceae;Eupercaria;Tetraodontiformes;Tetraodontoidei;Tetradontoidea;Tetraodontidae;Takifugu	13	1	0	0	0	0	12	1
Tetrahymena_thermophila_SB210	Alveolata	Eukaryota;Sar;Alveolata;Ciliophora;Intramacronucleata;Oligohymenophorea;Hymenostomatida;Tetrahymenina;Tetrahymenidae;Tetrahymena	18	1	0	0	0	0	0	0
Thalassiosira_pseudonana_CCMP1335	Stramenopiles	Eukaryota;Sar;Stramenopiles;Ochrophyta;Bacillariophyta;Coscinodiscophyceae;Thalassiosirophycidae;Thalassiosirales;Thalassiosiraceae;Thalassiosira;Thalassiosirapseudonana	12	1	0	0	0	0	10	1
Thecamonas_trahens_ATCC_50062	Apusomonadida	Eukaryota;Apusozoa;Apusomonadida;Apusomonadidae;Thecamonas;Thecamonastrahens	5	1	0	0	4	1	2	1
Theileria_parva_Muguga	Alveolata	Eukaryota;Sar;Alveolata;Apicomplexa;Aconoidasida;Piroplasmida;Theileriidae;Theileria	1	1	0	0	0	0	0	0
Thelohanellus_kitauei	Metazoa	Eukaryota;Opisthokonta;Metazoa;Eumetazoa;Cnidaria;Myxozoa;Myxosporea;Bivalvulida;Platysporina;Myxobolidae;Thelohanellus	1	1	0	0	0	0	2	1
Tieghemostelium_lacteum	Amoebozoa	Eukaryota;Amoebozoa;Evosea;Eumycetozoa;Dictyostelia;Dictyosteliales;Raperosteliaceae;Tieghemostelium	4	1	0	0	0	0	2	1
Toxoplasma_gondii_TGA4	Alveolata	Eukaryota;Sar;Alveolata;Apicomplexa;Conoidasida;Coccidia;Eucoccidiorida;Eimeriorina;Sarcocystidae;Toxoplasma;Toxoplasmagondii	4	1	0	0	0	0	2	1
Tribolium_castaneum	Metazoa	Eukaryota;Opisthokonta;Metazoa;Eumetazoa;Bilateria;Protostomia;Ecdysozoa;Panarthropoda;Arthropoda;Mandibulata;Pancrustacea;Hexapoda;Insecta;Dicondylia;Pterygota;Neoptera;Endopterygota;Coleoptera;Polyphaga;Cucujiformia;Tenebrionoidea;Tenebrionidae;Tenebrionidaeincertaesedis;Tribolium	25	1	0	0	0	0	14	1
Trichinella_britovi	Metazoa	Eukaryota;Opisthokonta;Metazoa;Eumetazoa;Bilateria;Protostomia;Ecdysozoa;Nematoda;Enoplea;Dorylaimia;Trichinellida;Trichinellidae;Trichinella	7	1	0	0	0	0	6	1
Trichomonas_vaginalis_G3	Metamonada	Eukaryota;Metamonada;Parabasalia;Trichomonadida;Trichomonadidae;Trichomonas;Trichomonasvaginalis	0	0	0	0	0	0	22	1
Trichoplax_adhaerens	Metazoa	Eukaryota;Opisthokonta;Metazoa;Eumetazoa;Placozoa;Uniplacotomia;Trichoplacea;Trichoplacidae;Trichoplax	8	1	0	0	0	0	4	1
Trypanosoma_brucei_brucei_TRUE927	Discoba	Eukaryota;Discoba;Euglenozoa;Kinetoplastea;Metakinetoplastina;Trypanosomatida;Trypanosomatidae;Trypanosoma;Trypanozoon	1	1	0	0	0	0	2	1
Tuber_melanosporum	Fungi	Eukaryota;Opisthokonta;Fungi;Dikarya;Ascomycota;saccharomyceta;Pezizomycotina;Pezizomycetes;Pezizales;Tuberaceae;Tuber	2	1	0	0	0	0	2	1
Umbelopsis_ramanniana_AG	Fungi	Eukaryota;Opisthokonta;Fungi;Fungiincertaesedis;Mucoromycota;Mucoromycotina;Umbelopsidomycetes;Umbelopsidales;Umbelopsidaceae;Umbelopsis	5	1	0	0	0	0	6	1
Mycosarcoma_maydis	Fungi	Eukaryota;Opisthokonta;Fungi;Fungiincertaesedis;Mucoromycota;Mucoromycotina;Umbelopsidomycetes;Umbelopsidales;Umbelopsidaceae;Umbelopsis	7	1	0	0	0	0	4	1
Vavraia_culicis_floridensis	Fungi	Eukaryota;Opisthokonta;Fungi;Fungiincertaesedis;Microsporidia;Pansporoblastina;Pleistophoridae;Vavraia;Vavraiaculicis	2	1	0	0	0	0	0	0
Vitrella_brassicaformis_CCMP3155	Alveolata	Eukaryota;Sar;Alveolata;Colpodellida;Vitrellaceae;Vitrella;Vitrellabrassicaformis	10	1	0	0	4	1	10	1
Volvox_carteri_f.nagariensis	Viridiplantae	Eukaryota;Viridiplantae;Chlorophyta;corechlorophytes;Chlorophyceae;CSclade;Chlamydomonadales;Volvocaceae;Volvox	5	1	0	0	0	0	14	1
Wallemia_ichthyophaga_EXF-994	Fungi	Eukaryota;Opisthokonta;Fungi;Dikarya;Basidiomycota;Wallemiomycotina;Wallemiomycetes;Wallemiales;Wallemiaceae;Wallemia	6	1	0	0	0	0	4	1
Xenopus_laevis	Metazoa	Eukaryota;Opisthokonta;Metazoa;Eumetazoa;Bilateria;Deuterostomia;Chordata;Craniata;Vertebrata;Gnathostomata;Teleostomi;Euteleostomi;Sarcopterygii;Dipnotetrapodomorpha;Tetrapoda;Amphibia;Batrachia;Anura;Pipoidea;Pipidae;Xenopodinae;Xenopus;Xenopus	22	1	0	0	0	0	48	1
Yarrowia_lipolytica_CLIB89_W29	Fungi	Eukaryota;Opisthokonta;Fungi;Dikarya;Ascomycota;saccharomyceta;Saccharomycotina;Dipodascomycetes;Dipodascales;Dipodascalesincertaesedis;Yarrowia;Yarrowialipolytica	3	1	0	0	0	0	2	1
Zootermopsis_nevadensis	Metazoa	Eukaryota;Opisthokonta;Metazoa;Eumetazoa;Bilateria;Protostomia;Ecdysozoa;Panarthropoda;Arthropoda;Mandibulata;Pancrustacea;Hexapoda;Insecta;Dicondylia;Pterygota;Neoptera;Polyneoptera;Dictyoptera;Blattodea;Blattoidea;Termitoidae;Termopsidae;Termopsinae;Termopsini;Zootermopsis	18	1	0	0	0	0	8	1
