"species_name"	"Major_tax"	"Tax"	"CPA_count"	"CPA_binary"	"NhaB_count"	"NhaB_binary"	"NhaC_count"	"NhaC_binary"	"NhaD_count"	"NhaD_binary"	"Kef"	"CPA1"	"NhaA"	"Undescribed_CPA1"	"NhaS5"	"CHX"	"SOD2"	"NhaP"	"CPA1_IDK"	"GerN"	"CPA1_SL"	"Uncharacterized"
"Acanthamoeba_castellanii_Str_Neff"	"Amoebozoa"	"Eukaryota;Amoebozoa;Discosea;Longamoebia;Centramoebida;Acanthamoebidae;Acanthamoeba"	4	1	0	0	0	0	7	1	0	1	0	0	0	3	0	0	0	0	0	0
"Acanthaster_planci"	"Metazoa"	"Eukaryota;Opisthokonta;Metazoa;Eumetazoa;Bilateria;Deuterostomia;Echinodermata;Eleutherozoa;Asterozoa;Asteroidea;Valvatacea;Valvatida;Acanthasteridae;Acanthaster"	20	1	0	0	0	0	1	1	3	10	0	0	0	0	0	0	0	0	7	0
"Acaromyces_ingoldii_MCA_4198"	"Fungi"	"Eukaryota;Opisthokonta;Fungi;Dikarya;Basidiomycota;Ustilaginomycotina;Exobasidiomycetes;Exobasidiales;Cryptobasidiaceae;Acaromyces"	7	1	0	0	0	0	2	1	0	1	0	0	0	2	3	0	0	0	0	1
"Acropora_digitifera"	"Metazoa"	"Eukaryota;Opisthokonta;Metazoa;Eumetazoa;Cnidaria;Anthozoa;Hexacorallia;Scleractinia;Astrocoeniina;Acroporidae;Acropora"	10	1	0	0	0	0	6	1	1	6	0	0	0	0	0	0	0	0	3	0
"Acytostelium_subglobosum_LB1"	"Amoebozoa"	"Eukaryota;Amoebozoa;Evosea;Eumycetozoa;Dictyostelia;Acytosteliales;Acytosteliaceae;Acytostelium"	6	1	0	0	0	0	0	0	0	2	0	0	0	4	0	0	0	0	0	0
"Adineta_vaga"	"Metazoa"	"Eukaryota;Opisthokonta;Metazoa;Eumetazoa;Bilateria;Protostomia;Spiralia;Gnathifera;Rotifera;Eurotatoria;Bdelloidea;Adinetida;Adinetidae;Adineta"	22	1	0	0	0	0	1	1	0	15	0	0	0	6	0	0	0	0	0	1
"Agaricus_bisporus_ var. bisporus H97"	"Fungi"	"Eukaryota;Opisthokonta;Fungi;Dikarya;Basidiomycota;Agaricomycotina;Agaricomycetes;Agaricomycetidae;Agaricales;Agaricineae;Agaricaceae;Agaricus"	6	1	0	0	0	0	2	1	0	0	0	0	0	0	0	0	0	0	0	0
"Albugo_laibachii_Nc14"	"Stramenopiles"	"Eukaryota;Sar;Stramenopiles;Oomycota;Albuginales;Albuginaceae;Albugo;Albugolaibachii"	10	1	0	0	1	1	1	1	1	6	0	3	0	0	0	0	0	0	0	0
"Allomyces_macrogynus_ATCC 38327"	"Fungi"	"Eukaryota;Opisthokonta;Fungi;Fungiincertaesedis;Blastocladiomycota;Blastocladiomycetes;Blastocladiales;Blastocladiaceae;Allomyces"	11	1	0	0	0	0	10	1	0	0	0	0	0	0	0	0	0	0	0	0
"Amborella_trichopoda"	"Viridiplantae"	"Eukaryota;Viridiplantae;Streptophyta;Streptophytina;Embryophyta;Tracheophyta;Euphyllophyta;Spermatophyta;Magnoliopsida;Amborellales;Amborellaceae;Amborella"	54	1	0	0	0	0	6	1	13	19	0	0	0	22	0	0	0	0	0	0
"Amoebophrya_sp.A120"	"Alveolata"	"Eukaryota;Sar;Alveolata;Dinophyceae;Syndiniales;Amoebophryaceae"	8	1	0	0	0	0	6	1	1	6	0	0	0	0	0	0	0	0	0	1
"Amphimedon_queenslandica"	"Metazoa"	"Eukaryota;Opisthokonta;Metazoa;Porifera;Demospongiae;Heteroscleromorpha;Haplosclerida;Niphatidae;Amphimedon"	8	1	0	0	1	1	4	1	1	6	0	0	0	0	0	0	0	0	1	0
"Anaeramoeba_ignava"	"Metamonada"	"Eukaryota;Metamonada;Anaeramoebidae;Anaeramoeba"	4	1	0	0	0	0	4	1	0	4	0	0	0	0	0	0	0	0	0	0
"Anaeromyces_robustus"	"Fungi"	"Eukaryota;Opisthokonta;Fungi;Fungiincertaesedis;Chytridiomycota;Chytridiomycotaincertaesedis;Neocallimastigomycetes;Neocallimastigales;Neocallimastigaceae;Anaeromyces"	4	1	0	0	3	1	5	1	0	0	0	0	0	2	2	0	0	0	0	0
"Anas_platyrhynchos"	"Metazoa"	"Eukaryota;Opisthokonta;Metazoa;Eumetazoa;Bilateria;Deuterostomia;Chordata;Craniata;Vertebrata;Gnathostomata;Teleostomi;Euteleostomi;Sarcopterygii;Dipnotetrapodomorpha;Tetrapoda;Amniota;Sauropsida;Sauria;Archelosauria;Archosauria;Dinosauria;Saurischia;Theropoda;Coelurosauria;Aves;Neognathae;Galloanserae;Anseriformes;Anatidae;Anatinae;Anas"	22	1	0	0	0	0	2	1	1	14	0	0	0	0	0	0	0	0	7	0
"Andalucia_godoyi"	"Discoba"	"Eukaryota;Discoba;Jakobida;Andalucina;Andaluciidae;Andalucia"	2	1	0	0	0	0	1	1	0	2	0	0	0	0	0	0	0	0	0	0
"Angomonas_deanei"	"Discoba"	"Eukaryota;Discoba;Euglenozoa;Kinetoplastea;Metakinetoplastina;Trypanosomatida;Trypanosomatidae;Strigomonadinae;Angomonas"	2	1	0	0	0	0	1	1	0	1	0	0	0	0	0	0	0	0	1	0
"Anopheles_gambiae"	"Metazoa"	"Eukaryota;Opisthokonta;Metazoa;Eumetazoa;Bilateria;Protostomia;Ecdysozoa;Panarthropoda;Arthropoda;Mandibulata;Pancrustacea;Hexapoda;Insecta;Dicondylia;Pterygota;Neoptera;Endopterygota;Diptera;Nematocera;Culicomorpha;Culicoidea;Culicidae;Anophelinae;Anopheles;Cellia;Pyretophorus;gambiaespeciescomplex"	56	1	0	0	0	0	13	1	0	42	0	0	0	0	0	0	0	0	14	0
"Aphanomyces_astaci"	"Stramenopiles"	"Eukaryota;Sar;Stramenopiles;Oomycota;Saprolegniales;Saprolegniaceae;Aphanomyces"	13	1	0	0	0	0	1	1	3	9	0	1	0	0	0	0	0	0	0	0
"Apis_melifera_DH4"	"Metazoa"	"Eukaryota;Opisthokonta;Metazoa;Eumetazoa;Bilateria;Protostomia;Ecdysozoa;Panarthropoda;Arthropoda;Mandibulata;Pancrustacea;Hexapoda;Insecta;Dicondylia;Pterygota;Neoptera;Endopterygota;Hymenoptera;Apocrita;Aculeata;Apoidea;Anthophila;Apidae;Apinae;Apini;Apis"	24	1	0	0	0	0	1	1	0	18	0	0	0	0	0	0	0	0	6	0
"Aplanochytrium_kerguelense_PBS07"	"Stramenopiles"	"Eukaryota;Sar;Stramenopiles;Bigyra;Labyrinthulomycetes;Thraustochytrida;Thraustochytriaceae"	141	1	0	0	12	1	23	1	11	120	0	0	0	0	0	0	0	0	0	10
"Aquilegia_coerulea_Goldsmith"	"Viridiplantae"	"Eukaryota;Viridiplantae;Streptophyta;Streptophytina;Embryophyta;Tracheophyta;Euphyllophyta;Spermatophyta;Magnoliopsida;Mesangiospermae;Ranunculales;Ranunculaceae;Thalictroideae;Aquilegia"	46	1	0	0	0	0	3	1	11	18	0	0	0	17	0	0	0	0	0	0
"Arabidopsis_thaliana"	"Viridiplantae"	"Eukaryota;Viridiplantae;Streptophyta;Streptophytina;Embryophyta;Tracheophyta;Euphyllophyta;Spermatophyta;Magnoliopsida;Mesangiospermae;eudicotyledons;Gunneridae;Pentapetalae;rosids;malvids;Brassicales;Brassicaceae;Camelineae;Arabidopsis"	61	1	0	0	0	0	4	1	10	15	0	0	0	36	0	0	0	0	0	0
"Aspergillus_nidulans"	"Fungi"	"Eukaryota;Opisthokonta;Fungi;Dikarya;Ascomycota;saccharomyceta;Pezizomycotina;leotiomyceta;Eurotiomycetes;Eurotiomycetidae;Eurotiales;Aspergillaceae;Aspergillus;Aspergillussubgen.Nidulantes"	7	1	0	0	0	0	1	1	0	1	0	0	0	1	3	0	0	0	0	2
"Aurantiochytrium_limacinum_ATCC_MYA-1381"	"Stramenopiles"	"Eukaryota;Sar;Stramenopiles;Bigyra;Labyrinthulomycetes;Thraustochytrida;Thraustochytriaceae;Aurantiochytrium"	116	1	0	0	29	1	96	1	16	74	0	0	0	0	0	0	0	0	0	26
"Aureococcus_anophagefferens_CCMP1984"	"Stramenopiles"	"Eukaryota;Sar;Stramenopiles;Ochrophyta;Pelagophyceae;Pelagomonadales;Pelagomonadaceae"	11	1	0	0	1	1	2	1	4	5	1	0	0	0	0	0	0	0	0	1
"Babesia_bigemina"	"Alveolata"	"Eukaryota;Sar;Alveolata;Apicomplexa;Aconoidasida;Piroplasmida;Babesiidae;Babesia"	1	1	0	0	0	0	0	0	0	1	0	0	0	0	0	0	0	0	0	0
"Basidiobolus_meristosporus_CBS"	"Fungi"	"Eukaryota;Opisthokonta;Fungi;Fungiincertaesedis;Zoopagomycota;Entomophthoromycotina;Basidiobolomycetes;Basidiobolales;Basidiobolaceae;Basidiobolus;Basidiobolusmeristosporus"	145	1	0	0	0	0	93	1	0	43	0	0	0	0	98	0	0	0	0	4
"Batrachochytrium_dendrobatidis_JAM81"	"Fungi"	"Eukaryota;Opisthokonta;Fungi;Fungiincertaesedis;Chytridiomycota;Chytridiomycotaincertaesedis;Chytridiomycetes;Rhizophydiales;Rhizophydialesincertaesedis"	7	1	0	0	0	0	1	1	1	2	0	0	0	1	2	0	0	0	1	0
"Bigelowiella_natans"	"Rhizaria"	"Eukaryota;Sar;Rhizaria;Cercozoa;Chlorarachniophyceae;Bigelowiella"	11	1	0	0	0	0	1	1	1	7	0	3	0	0	0	0	0	0	0	0
"Biomphalaria_glabrata"	"Metazoa"	"Eukaryota;Opisthokonta;Metazoa;Eumetazoa;Bilateria;Protostomia;Spiralia;Lophotrochozoa;Mollusca;Gastropoda;Heterobranchia;Euthyneura;Panpulmonata;Hygrophila;Lymnaeoidea;Planorbidae;Biomphalaria"	43	1	0	0	0	0	6	1	0	31	0	0	0	0	0	0	0	0	12	0
"Blastocladiella_britannica_JEL711"	"Fungi"	"Eukaryota;Opisthokonta;Fungi;Fungiincertaesedis;Blastocladiomycota;Blastocladiomycetes;Blastocladiales;Blastocladiaceae;Blastocladiella"	5	1	0	0	0	0	2	1	0	2	0	0	0	1	2	0	0	0	0	0
"Blastocystis_hominis"	"Stramenopiles"	"Eukaryota;Sar;Stramenopiles;Bigyra;Opalozoa;Opalinata;Blastocystidae;Blastocystis"	1	1	0	0	5	1	1	1	0	1	0	0	0	0	0	0	0	0	0	0
"Bodo_saltans"	"Discoba"	"Eukaryota;Discoba;Euglenozoa;Kinetoplastea;Metakinetoplastina;Eubodonida;Bodonidae;Bodo"	6	1	0	0	0	0	4	1	0	2	0	1	0	0	0	0	0	0	3	0
"Bombyx_mori"	"Metazoa"	"Eukaryota;Opisthokonta;Metazoa;Eumetazoa;Bilateria;Protostomia;Ecdysozoa;Panarthropoda;Arthropoda;Mandibulata;Pancrustacea;Hexapoda;Insecta;Dicondylia;Pterygota;Neoptera;Endopterygota;Amphiesmenoptera;Lepidoptera;Glossata;Neolepidoptera;Heteroneura;Ditrysia;Obtectomera;Bombycoidea;Bombycidae;Bombycinae;Bombyx"	4	1	0	0	0	0	2	1	0	2	0	0	0	0	0	0	0	0	2	0
"Branchiostoma_belcheri"	"Metazoa"	"Eukaryota;Opisthokonta;Metazoa;Eumetazoa;Bilateria;Deuterostomia;Chordata;Cephalochordata;Leptocardii;Amphioxiformes;Branchiostomatidae;Branchiostoma"	9	1	0	0	0	0	0	0	4	4	0	0	0	0	0	0	0	0	1	0
"Brugia_malayi"	"Metazoa"	"Eukaryota;Opisthokonta;Metazoa;Eumetazoa;Bilateria;Protostomia;Ecdysozoa;Nematoda;Chromadorea;Rhabditida;Spirurina;Spiruromorpha;Filarioidea;Onchocercidae;Brugia"	8	1	0	0	0	0	0	0	0	8	0	0	0	0	0	0	0	0	0	0
"Caenorhabditis_elegans"	"Metazoa"	"Eukaryota;Opisthokonta;Metazoa;Eumetazoa;Bilateria;Protostomia;Ecdysozoa;Nematoda;Chromadorea;Rhabditida;Rhabditina;Rhabditomorpha;Rhabditoidea;Rhabditidae;Peloderinae;Caenorhabditis"	19	1	0	0	0	0	0	0	0	16	0	0	0	0	0	0	0	0	3	0
"Cafeteria_roenbergensis"	"Stramenopiles"	"Eukaryota;Sar;Stramenopiles;Bigyra;Opalozoa;Bicosoecida;Cafeteriaceae;Cafeteria"	9	1	0	0	0	0	0	0	1	6	0	1	0	0	0	0	0	0	1	0
"Callorhinus_ursinus"	"Metazoa"	"Eukaryota;Opisthokonta;Metazoa;Eumetazoa;Bilateria;Deuterostomia;Chordata;Craniata;Vertebrata;Gnathostomata;Teleostomi;Euteleostomi;Sarcopterygii;Dipnotetrapodomorpha;Tetrapoda;Amniota;Mammalia;Theria;Eutheria;Boreoeutheria;Laurasiatheria;Carnivora;Caniformia;Pinnipedia;Otariidae;Callorhinus"	34	1	0	0	0	0	1	1	5	21	0	0	0	0	0	0	0	0	8	0
"Candida_albicans_SC5314"	"Fungi"	"Eukaryota;Opisthokonta;Fungi;Dikarya;Ascomycota;saccharomyceta;Saccharomycotina;Pichiomycetes;Serinales;Debaryomycetaceae;Candida/Lodderomycesclade;Candida"	2	1	0	0	0	0	2	1	0	1	0	0	0	0	1	0	0	0	0	0
"Capitella_teleta"	"Metazoa"	"Eukaryota;Opisthokonta;Metazoa;Eumetazoa;Bilateria;Protostomia;Spiralia;Lophotrochozoa;Annelida;Polychaeta;Sedentaria;Scolecida;Capitellidae;Capitella"	6	1	0	0	2	1	1	1	1	4	0	0	0	0	0	0	0	0	1	0
"Capsaspora_owczarzaki"	"Filasterea"	"Eukaryota;Opisthokonta;Filasterea;Capsaspora"	5	1	0	0	1	1	3	1	0	4	0	0	0	1	0	0	0	0	0	0
"Carpediemonas_membranifera"	"Metamonada"	"Eukaryota;Metamonada;Fornicata;Carpediemonas-likeorganisms;Carpediemonas"	6	1	0	0	0	0	3	1	0	5	0	1	0	0	0	0	0	0	0	0
"Catenaria_anguillulae_PL171"	"Fungi"	"Eukaryota;Opisthokonta;Fungi;Fungiincertaesedis;Blastocladiomycota;Blastocladiomycetes;Blastocladiales;Catenariaceae;Catenaria;Catenariaanguillulae"	4	1	0	0	0	0	1	1	0	1	0	0	0	0	2	0	0	0	0	1
"Caulerpa_lentillifera"	"Viridiplantae"	"Eukaryota;Viridiplantae;Chlorophyta;Ulvophyceae;TCBDclade;Bryopsidales;Halimedineae;Caulerpaceae;Caulerpa"	5	1	0	0	0	0	1	1	2	3	0	0	0	0	0	0	0	0	0	0
"Chara_braunii"	"Viridiplantae"	"Eukaryota;Viridiplantae;Streptophyta;Streptophytina;Charophyceae;Charales;Characeae;Chara"	14	1	0	0	0	0	0	0	3	2	0	0	0	7	0	0	0	0	2	0
"Chironomus_tepperi"	"Metazoa"	"Eukaryota;Opisthokonta;Metazoa;Eumetazoa;Bilateria;Protostomia;Ecdysozoa;Panarthropoda;Arthropoda;Mandibulata;Pancrustacea;Hexapoda;Insecta;Dicondylia;Pterygota;Neoptera;Endopterygota;Diptera;Nematocera;Culicomorpha;Chironomoidea;Chironomidae;Chironominae;Chironomini;Chironomus;Chironomus"	14	1	0	0	0	0	4	1	0	7	0	0	0	0	0	0	0	0	7	0
"Chlamydomonas_reinhardtii"	"Viridiplantae"	"Eukaryota;Viridiplantae;Chlorophyta;corechlorophytes;Chlorophyceae;CSclade;Chlamydomonadales;Chlamydomonadaceae;Chlamydomonas"	11	1	0	0	0	0	8	1	4	6	0	0	0	0	1	0	0	0	0	0
"Chlorella_variabilis"	"Viridiplantae"	"Eukaryota;Viridiplantae;Chlorophyta;corechlorophytes;Trebouxiophyceae;Chlorellales;Chlorellaceae;Chlorellaclade;Chlorella"	9	1	0	0	0	0	1	1	3	4	0	1	0	0	0	0	0	0	1	0
"Chondrus_crispus"	"Rhodophyta"	"Eukaryota;Rhodophyta;Florideophyceae;Rhodymeniophycidae;Gigartinales;Gigartinaceae;Chondrus"	6	1	0	0	0	0	2	1	3	3	0	0	0	0	0	0	0	0	0	0
"Chroomonas_mesostigmatica_CCMP1168"	"Cryptophyta"	"Eukaryota;Cryptophyceae;Pyrenomonadales;Chroomonadaceae;Chroomonas;Chroomonasmesostigmatica"	1	1	0	0	0	0	0	0	1	0	0	0	0	0	0	0	0	0	0	0
"Chrysochromulina_tobinii"	"Haptophyta"	"Eukaryota;Haptista;Haptophyta;Prymnesiophyceae;Prymnesiales;Chrysochromulinaceae;Chrysochromulina"	11	1	0	0	1	1	3	1	4	7	0	0	0	0	0	0	0	0	0	0
"Ciona_intestinalis"	"Metazoa"	"Eukaryota;Opisthokonta;Metazoa;Eumetazoa;Bilateria;Deuterostomia;Chordata;Tunicata;Ascidiacea;Phlebobranchia;Cionidae;Ciona"	15	1	0	0	0	0	0	0	2	9	0	0	0	0	0	0	0	0	4	0
"Cladosiphon_okamuranus"	"Stramenopiles"	"Eukaryota;Sar;Stramenopiles;Ochrophyta;PXclade;Phaeophyceae;Ectocarpales;Chordariaceae;Cladosiphon"	35	1	1	1	9	1	21	1	16	5	1	1	0	1	3	1	5	0	0	2
"Coccomyxa_subellipsoidea_C-169"	"Viridiplantae"	"Eukaryota;Viridiplantae;Chlorophyta;corechlorophytes;Trebouxiophyceae;Trebouxiophyceaeincertaesedis;Elliptochlorisclade;Coccomyxa;Coccomyxasubellipsoidea"	12	1	0	0	0	0	1	1	3	6	0	0	0	0	0	0	0	0	2	1
"Coemansia_reversa_NRRL_1564"	"Fungi"	"Eukaryota;Opisthokonta;Fungi;Fungiincertaesedis;Zoopagomycota;Kickxellomycotina;Kickxellomycetes;Kickxellales;Kickxellaceae;Coemansia;Coemansiareversa"	4	1	0	0	0	0	2	1	0	1	0	0	0	1	2	0	0	0	0	0
"Columba_livia"	"Metazoa"	"Eukaryota;Opisthokonta;Metazoa;Eumetazoa;Bilateria;Deuterostomia;Chordata;Craniata;Vertebrata;Gnathostomata;Teleostomi;Euteleostomi;Sarcopterygii;Dipnotetrapodomorpha;Tetrapoda;Amniota;Sauropsida;Sauria;Archelosauria;Archosauria;Dinosauria;Saurischia;Theropoda;Coelurosauria;Aves;Neognathae;Neoaves;Columbimorphae;Columbiformes;Columbidae;Columba"	23	1	0	0	0	0	2	1	2	18	0	0	0	0	0	0	0	0	3	0
"Conidiobolus_coronatus_NRLL_28638"	"Fungi"	"Eukaryota;Opisthokonta;Fungi;Fungiincertaesedis;Zoopagomycota;Entomophthoromycotina;Entomophthoromycetes;Entomophthorales;Ancylistaceae;Conidiobolus"	3	1	0	0	3	1	2	1	0	1	0	0	0	1	1	0	0	0	0	0
"Corticum_candelabrum"	"Metazoa"	"Eukaryota;Opisthokonta;Metazoa;Porifera;Homoscleromorpha;Homosclerophorida;Plakinidae;Corticium"	7	1	0	0	0	0	4	1	1	5	0	0	0	0	0	0	0	0	1	0
"Crassostrea_virginica"	"Metazoa"	"Eukaryota;Opisthokonta;Metazoa;Eumetazoa;Bilateria;Protostomia;Spiralia;Lophotrochozoa;Mollusca;Bivalvia;Autobranchia;Pteriomorphia;Ostreida;Ostreoidea;Ostreidae;Crassostrea"	31	1	0	0	0	0	1	1	0	27	0	0	0	0	0	0	0	0	4	0
"Cryptococcus_neoformans"	"Fungi"	"Eukaryota;Opisthokonta;Fungi;Dikarya;Basidiomycota;Agaricomycotina;Tremellomycetes;Tremellales;Cryptococcaceae;Cryptococcus;Cryptococcusneoformansspeciescomplex"	4	1	0	0	0	0	3	1	0	1	0	0	0	1	1	0	0	0	0	1
"Cryptomonas_paramecium"	"Cryptophyta"	"Eukaryota;Cryptophyceae;Cryptomonadales;Cryptomonadaceae;Cryptomonas"	1	1	0	0	0	0	0	0	1	0	0	0	0	0	0	0	0	0	0	0
"Cryptosporidium_muris_RN66"	"Alveolata"	"Eukaryota;Sar;Alveolata;Apicomplexa;Conoidasida;Coccidia;Eucoccidiorida;Eimeriorina;Cryptosporidiidae;Cryptosporidium;Cryptosporidiummuris"	3	1	0	0	0	0	0	0	1	2	0	0	0	0	0	0	0	0	0	0
"Cyanidioschyzon_merolae_strain_10D"	"Rhodophyta"	"Eukaryota;Rhodophyta;Bangiophyceae;Cyanidiales;Cyanidiaceae;Cyanidioschyzon"	6	1	0	0	0	0	3	1	2	4	0	0	0	0	0	0	0	0	0	0
"Danio_rerio"	"Metazoa"	"Eukaryota;Opisthokonta;Metazoa;Eumetazoa;Bilateria;Deuterostomia;Chordata;Craniata;Vertebrata;Gnathostomata;Teleostomi;Euteleostomi;Actinopterygii;Actinopteri;Neopterygii;Teleostei;Osteoglossocephalai;Clupeocephala;Otomorpha;Ostariophysi;Otophysi;Cypriniphysae;Cypriniformes;Cyprinoidei;Danionidae;Danioninae;Danio"	22	1	0	0	0	0	3	1	1	18	0	0	0	0	0	0	0	0	3	0
"Daphnia_magna"	"Metazoa"	"Eukaryota;Opisthokonta;Metazoa;Eumetazoa;Bilateria;Protostomia;Ecdysozoa;Panarthropoda;Arthropoda;Mandibulata;Pancrustacea;Crustacea;Branchiopoda;Phyllopoda;Diplostraca;Cladocera;Anomopoda;Daphniidae;Daphnia"	14	1	0	0	0	0	0	0	0	14	0	0	0	0	0	0	0	0	0	0
"Diacronema_lutheri"	"Hapophyta"	"Eukaryota;Haptista;Haptophyta;Pavlovales;Pavlovaceae;Diacronema"	14	1	0	0	1	1	4	1	1	10	1	2	0	0	0	0	0	0	0	0
"Dictyostelium_discoideum_AX4"	"Amoebozoa"	"Eukaryota;Amoebozoa;Evosea;Eumycetozoa;Dictyostelia;Dictyosteliales;Dictyosteliaceae;Dictyostelium"	4	1	0	0	0	0	1	1	0	2	0	0	0	2	0	0	0	0	0	0
"Diplonema_papillatum"	"Discoba"	"Eukaryota;Discoba;Euglenozoa;Diplonemea;Diplonemidae;Diplonema"	20	1	0	0	1	1	5	1	2	15	0	1	0	0	0	0	0	0	2	0
"Drosophila_melanogaster"	"Metazoa"	"Eukaryota;Opisthokonta;Metazoa;Eumetazoa;Bilateria;Protostomia;Ecdysozoa;Panarthropoda;Arthropoda;Mandibulata;Pancrustacea;Hexapoda;Insecta;Dicondylia;Pterygota;Neoptera;Endopterygota;Diptera;Brachycera;Muscomorpha;Eremoneura;Cyclorrhapha;Schizophora;Acalyptratae;Ephydroidea;Drosophilidae;Drosophilinae;Drosophilini;Drosophila;Sophophora;melanogastergroup;melanogastersubgroup"	23	1	0	0	0	0	16	1	0	19	0	0	0	0	0	0	0	0	4	0
"Dunaliella_salina"	"Viridiplantae"	"Eukaryota;Viridiplantae;Chlorophyta;corechlorophytes;Chlorophyceae;CSclade;Chlamydomonadales;Dunaliellaceae;Dunaliella"	5	1	0	0	0	0	4	1	1	3	0	1	0	0	0	0	0	0	0	0
"Echinococcus_multilocularis"	"Metazoa"	"Eukaryota;Opisthokonta;Metazoa;Eumetazoa;Bilateria;Protostomia;Spiralia;Lophotrochozoa;Platyhelminthes;Cestoda;Eucestoda;Cyclophyllidea;Taeniidae;Echinococcus"	5	1	0	0	0	0	0	0	0	5	0	0	0	0	0	0	0	0	0	0
"Ectocarpus_siliculosus"	"Stramenopiles"	"Eukaryota;Sar;Stramenopiles;Ochrophyta;PXclade;Phaeophyceae;Ectocarpales;Ectocarpaceae;Ectocarpus"	9	1	0	0	1	1	4	1	3	4	0	0	0	1	0	0	0	0	0	1
"Edhazardia_aedis"	"Fungi"	"Eukaryota;Opisthokonta;Fungi;Fungiincertaesedis;Microsporidia;Microsporidiaincertaesedis;Culicosporidae;Edhazardia;Edhazardiaaedis"	2	1	0	0	0	0	0	0	0	0	0	0	0	0	2	0	0	0	0	0
"Emiliania_huxleyi"	"Hapophyta"	"Eukaryota;Haptista;Haptophyta;Prymnesiophyceae;Isochrysidales;Noelaerhabdaceae;Emiliania"	18	1	0	0	4	1	6	1	3	7	1	0	0	0	1	0	0	0	4	2
"Encephalitozoon_cuniculi_GB-M1"	"Fungi"	"Eukaryota;Opisthokonta;Fungi;Fungiincertaesedis;Microsporidia;Apansporoblastina;Unikaryonidae;Encephalitozoon"	1	1	0	0	0	0	0	0	0	0	0	0	0	0	1	0	0	0	0	0
"Entamoeba_histolytica_HM-1:IMSS"	"Amoebozoa"	"Eukaryota;Amoebozoa;Evosea;Archamoebae;Mastigamoebida;Entamoebidae;Entamoeba"	2	1	0	0	0	0	5	1	0	2	0	0	0	0	0	0	0	0	0	0
"Fonticula_alba"	"Rotosphaerida"	"Eukaryota;Opisthokonta;Rotosphaerida;Fonticulaceae;Fonticula"	0	0	0	0	0	0	2	1	0	0	0	0	0	0	0	0	0	0	0	0
"Fragilariopsis_cylindrus_CCMP_1102"	"Stramenopiles"	"Eukaryota;Sar;Stramenopiles;Ochrophyta;Bacillariophyta;Bacillariophyceae;Bacillariophycidae;Bacillariales;Bacillariaceae;Fragilariopsis"	12	1	0	0	1	1	3	1	4	7	0	0	0	0	0	0	0	0	0	1
"Fusarium_oxysporum_f._sp._lycopersici_4287"	"Fungi"	"Eukaryota;Opisthokonta;Fungi;Dikarya;Ascomycota;saccharomyceta;Pezizomycotina;leotiomyceta;sordariomyceta;Sordariomycetes;Hypocreomycetidae;Hypocreales;Nectriaceae;Fusarium;Fusariumoxysporumspeciescomplex;Fusariumoxysporum;Fusariumoxysporumf.sp.lycopersici"	20	1	0	0	0	0	1	1	0	4	0	0	0	1	13	0	0	0	0	2
"Galdieria_sulphuraria"	"Rhodophyta"	"Eukaryota;Rhodophyta;Bangiophyceae;Galdieriales;Galdieriaceae;Galdieria"	8	1	0	0	0	0	2	1	3	5	0	0	0	0	0	0	0	0	0	0
"Gefionella_okellyi_strain_249"	"Malawimonada"	"Eukaryota;Malawimonadida;Malawimonadidae;Gefionella"	9	1	0	0	0	0	6	1	2	6	0	0	0	0	1	0	0	0	0	0
"Giardia_intestinalis"	"Metamonada"	"Eukaryota;Metamonada;Fornicata;Diplomonadida;Hexamitidae;Giardiinae;Giardia"	1	1	0	0	0	0	0	0	0	1	0	0	0	0	0	0	0	0	0	0
"Ginkgo_biloba"	"Viridiplantae"	"Eukaryota;Viridiplantae;Streptophyta;Streptophytina;Embryophyta;Tracheophyta;Euphyllophyta;Spermatophyta;Acrogymnospermae;Ginkgoopsida;Ginkgoidae;Ginkgoales;Ginkgoaceae;Ginkgo"	6	1	0	0	0	0	1	1	3	2	0	0	0	1	0	0	0	0	0	0
"Glossina_fuscipes"	"Metazoa"	"Eukaryota;Opisthokonta;Metazoa;Eumetazoa;Bilateria;Protostomia;Ecdysozoa;Panarthropoda;Arthropoda;Mandibulata;Pancrustacea;Hexapoda;Insecta;Dicondylia;Pterygota;Neoptera;Endopterygota;Diptera;Brachycera;Muscomorpha;Eremoneura;Cyclorrhapha;Schizophora;Calyptratae;Hippoboscoidea;Glossinidae;Glossina;Nemorhina"	32	1	0	0	0	0	8	1	0	20	0	0	0	0	0	0	0	0	12	0
"Gonapodya_prolifera_JEL478"	"Fungi"	"Eukaryota;Opisthokonta;Fungi;Fungiincertaesedis;Chytridiomycota;Chytridiomycotaincertaesedis;Monoblepharidomycetes;Monoblepharidales;Gonapodyaceae;Gonapodya"	6	1	0	0	0	0	3	1	1	2	0	0	0	2	1	0	0	0	0	0
"Gracilariopsis_chorda"	"Rhodophyta"	"Eukaryota;Rhodophyta;Florideophyceae;Rhodymeniophycidae;Gracilariales;Gracilariaceae;Gracilariopsis"	7	1	0	0	0	0	4	1	3	3	0	0	0	0	0	0	0	0	0	1
"Gregarina_niphandrodes"	"Alveolata"	"Eukaryota;Sar;Alveolata;Apicomplexa;Conoidasida;Gregarinasina;Eugregarinorida;Gregarinidae;Gregarina"	4	1	0	0	0	0	0	0	1	3	0	0	0	0	0	0	0	0	0	0
"Guillardia_theta_CCMP2712"	"Cryptophyta"	"Eukaryota;Cryptophyceae;Pyrenomonadales;Geminigeraceae;Guillardia;Guillardiatheta"	9	1	0	0	1	1	7	1	3	3	0	3	0	0	0	0	0	0	0	0
"Gyrodactylus_salaris"	"Metazoa"	"Eukaryota;Opisthokonta;Metazoa;Eumetazoa;Bilateria;Protostomia;Spiralia;Lophotrochozoa;Platyhelminthes;Monogenea;Monopisthocotylea;Gyrodactylidea;Gyrodactylidae;Gyrodactylus"	4	1	0	0	0	0	0	0	0	4	0	0	0	0	0	0	0	0	0	0
"Halichondria_panicea"	"Metazoa"	"Eukaryota;Opisthokonta;Metazoa;Porifera;Demospongiae;Heteroscleromorpha;Suberitida;Halichondriidae;Halichondria;Halichondria"	8	1	0	0	1	1	4	1	2	6	0	0	0	0	0	0	0	0	0	0
"Helobdella_robusta"	"Metazoa"	"Eukaryota;Opisthokonta;Metazoa;Eumetazoa;Bilateria;Protostomia;Spiralia;Lophotrochozoa;Annelida;Clitellata;Hirudinea;Rhynchobdellida;Glossiphoniidae;Helobdella"	4	1	0	0	0	0	0	0	0	4	0	0	0	0	0	0	0	0	0	0
"Hemiselmis_andersenii"	"Cryptophyta"	"Eukaryota;Cryptophyceae;Cryptomonadales;Hemiselmidaceae;Hemiselmis"	1	1	0	0	0	0	0	0	1	0	0	0	0	0	0	0	0	0	0	0
"Heterostelium_album_PN500"	"Amoebozoa"	"Eukaryota;Amoebozoa;Evosea;Eumycetozoa;Dictyostelia;Acytosteliales;Acytosteliaceae;Heterostelium;Heterosteliumalbum"	4	1	0	0	0	0	0	0	0	2	0	0	0	2	0	0	0	0	0	0
"Homo_sapiens"	"Metazoa"	"Eukaryota;Opisthokonta;Metazoa;Eumetazoa;Bilateria;Deuterostomia;Chordata;Craniata;Vertebrata;Gnathostomata;Teleostomi;Euteleostomi;Sarcopterygii;Dipnotetrapodomorpha;Tetrapoda;Amniota;Mammalia;Theria;Eutheria;Boreoeutheria;Euarchontoglires;Primates;Haplorrhini;Simiiformes;Catarrhini;Hominoidea;Hominidae;Homininae;Homo"	100	1	0	0	0	0	28	1	12	77	0	0	0	0	0	0	0	0	11	0
"Hondaea_fermentalgiana"	"Stramenopiles"	"Eukaryota;Sar;Stramenopiles;Bigyra;Labyrinthulomycetes;Thraustochytrida;Thraustochytriaceae;Hondaea"	10	1	0	0	1	1	8	1	1	7	0	0	0	0	0	0	0	0	0	2
"Hordeum_vulgare"	"Viridiplantae"	"Eukaryota;Viridiplantae;Streptophyta;Streptophytina;Embryophyta;Tracheophyta;Euphyllophyta;Spermatophyta;Magnoliopsida;Mesangiospermae;Liliopsida;Petrosaviidae;commelinids;Poales;Poaceae;BOPclade;Pooideae;Triticodae;Triticeae;Hordeinae;Hordeum"	24	1	0	0	0	0	5	1	3	6	0	0	0	15	0	0	0	0	0	0
"Hyalella_azteca"	"Metazoa"	"Eukaryota;Opisthokonta;Metazoa;Eumetazoa;Bilateria;Protostomia;Ecdysozoa;Panarthropoda;Arthropoda;Mandibulata;Pancrustacea;Crustacea;Multicrustacea;Malacostraca;Eumalacostraca;Peracarida;Amphipoda;Senticaudata;Talitrida;Talitroidea;Hyalellidae;Hyalella"	11	1	0	0	0	0	0	0	0	4	0	0	0	0	0	0	0	0	7	0
"Hyaloperonospora_brassicae"	"Stramenopiles"	"Eukaryota;Sar;Stramenopiles;Oomycota;Peronosporales;Peronosporaceae;Hyaloperonospora"	5	1	0	0	1	1	2	1	1	4	0	0	0	0	0	0	0	0	0	0
"Hydra_vulgaris"	"Metazoa"	"Eukaryota;Opisthokonta;Metazoa;Eumetazoa;Cnidaria;Hydrozoa;Hydroidolina;Anthoathecata;Aplanulata;Hydridae;Hydra"	13	1	0	0	0	0	0	0	3	9	0	0	0	0	0	0	0	0	1	0
"Hyphochytrium_catenoides"	"Stramenopiles"	"Eukaryota;Sar;Stramenopiles;Hyphochytriomycetes;Hyphochytriaceae;Hyphochytrium"	5	1	0	0	1	1	4	1	1	3	0	0	0	0	1	0	0	0	0	0
"Ichthyophthirius_multifiliis_strain_G5"	"Alveolata"	"Eukaryota;Sar;Alveolata;Ciliophora;Intramacronucleata;Oligohymenophorea;Hymenostomatida;Ophryoglenina;Ichthyophthirius;Ichthyophthiriusmultifiliis"	13	1	0	0	0	0	0	0	0	13	0	0	0	0	0	0	0	0	0	0
"Intoshia_linei"	"Metazoa"	"Eukaryota;Opisthokonta;Metazoa;Eumetazoa;Bilateria;Protostomia;Spiralia;Lophotrochozoa;Mesozoa;Orthonectida;Rhopaluridae;Intoshia"	2	1	0	0	0	0	0	0	0	1	0	0	0	0	0	0	0	0	1	0
"Ixodes_scapularis"	"Metazoa"	"Eukaryota;Opisthokonta;Metazoa;Eumetazoa;Bilateria;Protostomia;Ecdysozoa;Panarthropoda;Arthropoda;Chelicerata;Arachnida;Acari;Parasitiformes;Ixodida;Ixodoidea;Ixodidae;Ixodinae;Ixodes"	19	1	0	0	0	0	4	1	0	18	0	0	0	0	0	0	0	0	1	0
"Jakoba_bahamiensis"	"Discoba"	"Eukaryota;Discoba;Jakobida;Histionina;Jakobidae;Jakoba"	2	1	0	0	0	0	2	1	0	2	0	0	0	0	0	0	0	0	0	0
"Kipferlia_bialata"	"Metamonada"	"Eukaryota;Metamonada;Fornicata;Carpediemonas-likeorganisms;Kipferlia"	4	1	0	0	0	0	1	1	0	4	0	0	0	0	0	0	0	0	0	0
"Klebsormidium_nitens"	"Viridiplantae"	"Eukaryota;Viridiplantae;Streptophyta;Klebsormidiophyceae;Klebsormidiales;Klebsormidiaceae;Klebsormidium"	18	1	0	0	0	0	3	1	4	7	0	0	0	2	2	0	0	0	3	0
"Kluyveromyces_lactis"	"Fungi"	"Eukaryota;Opisthokonta;Fungi;Dikarya;Ascomycota;saccharomyceta;Saccharomycotina;Saccharomycetes;Saccharomycetales;Saccharomycetaceae;Kluyveromyces"	3	1	0	0	0	0	2	1	0	1	0	0	0	1	1	0	0	0	0	0
"Leishmania_major_Friedlin"	"Discoba"	"Eukaryota;Discoba;Euglenozoa;Kinetoplastea;Metakinetoplastina;Trypanosomatida;Trypanosomatidae;Leishmaniinae;Leishmania;Leishmania;Leishmaniamajorspeciescomplex"	2	1	0	0	0	0	1	1	0	1	0	0	0	0	0	0	0	0	1	0
"Lepeophtheirus_salmonis"	"Metazoa"	"Eukaryota;Opisthokonta;Metazoa;Eumetazoa;Bilateria;Protostomia;Ecdysozoa;Panarthropoda;Arthropoda;Mandibulata;Pancrustacea;Crustacea;Multicrustacea;Hexanauplia;Copepoda;Neocopepoda;Podoplea;Siphonostomatoida;Caligidae;Lepeophtheirus"	15	1	0	0	0	0	1	1	0	13	0	0	0	0	0	0	0	0	2	0
"Leptomonas_seymouri"	"Discoba"	"Eukaryota;Discoba;Euglenozoa;Kinetoplastea;Metakinetoplastina;Trypanosomatida;Trypanosomatidae;Leishmaniinae;Leptomonas"	3	1	0	0	0	0	1	1	0	1	0	0	0	0	0	0	0	0	2	0
"Lichteimia_ornata"	"Fungi"	"Eukaryota;Opisthokonta;Fungi;Fungiincertaesedis;Mucoromycota;Mucoromycotina;Mucoromycetes;Mucorales;Lichtheimiaceae;Lichtheimia"	8	1	0	0	0	0	6	1	1	1	0	0	0	1	5	0	0	0	0	0
"Limulus_polyphemus"	"Metazoa"	"Eukaryota;Opisthokonta;Metazoa;Eumetazoa;Bilateria;Protostomia;Ecdysozoa;Panarthropoda;Arthropoda;Chelicerata;Merostomata;Xiphosura;Limulidae;Limulus"	32	1	0	0	0	0	0	0	3	25	0	0	0	0	0	0	0	0	4	0
"Linderina_pennispora_ATCC12442"	"Fungi"	"Eukaryota;Opisthokonta;Fungi;Fungiincertaesedis;Zoopagomycota;Kickxellomycotina;Kickxellomycetes;Kickxellales;Kickxellaceae;Linderina"	4	1	0	0	0	0	1	1	0	1	0	0	0	1	2	0	0	0	0	0
"Lingula_anatina"	"Metazoa"	"Eukaryota;Opisthokonta;Metazoa;Eumetazoa;Bilateria;Protostomia;Spiralia;Lophotrochozoa;Brachiopoda;Linguliformea;Lingulata;Lingulida;Linguloidea;Lingulidae;Lingula"	33	1	0	0	0	0	7	1	2	26	0	0	0	0	0	0	0	0	5	0
"Lobosporangium_transversale_NRRL_3116"	"Fungi"	"Eukaryota;Opisthokonta;Fungi;Fungiincertaesedis;Mucoromycota;Mortierellomycotina;Mortierellomycetes;Mortierellales;Mortierellaceae;Lobosporangium"	6	1	0	0	0	0	4	1	0	1	0	0	0	2	2	0	0	0	0	1
"Lottia_gigantea"	"Metazoa"	"Eukaryota;Opisthokonta;Metazoa;Eumetazoa;Bilateria;Protostomia;Spiralia;Lophotrochozoa;Mollusca;Gastropoda;Patellogastropoda;Lottioidea;Lottiidae;Lottia"	9	1	0	0	0	0	2	1	0	5	0	0	0	0	0	0	0	0	4	0
"Malawimonas_californiana"	"Malawimonada"	"Eukaryota;Malawimonadida;Malawimonadidae;Malawimonas"	3	1	0	0	0	0	3	1	0	2	0	0	0	0	1	0	0	0	0	0
"Malawimonas_jakobiformis"	"Malawimonada"	"Eukaryota;Malawimonadida;Malawimonadidae;Malawimonas"	7	1	0	0	0	0	6	1	2	5	0	0	0	0	0	0	0	0	0	0
"Marchantia_polymorpha"	"Viridiplantae"	"Eukaryota;Viridiplantae;Streptophyta;Streptophytina;Embryophyta;Marchantiophyta;Marchantiopsida;Marchantiidae;Marchantiales;Marchantiaceae;Marchantia"	20	1	0	0	0	0	4	1	4	13	0	0	0	3	0	0	0	0	0	0
"Martensiomyces_pterosporus"	"Fungi"	"Eukaryota;Opisthokonta;Fungi;Fungiincertaesedis;Zoopagomycota;Kickxellomycotina;Kickxellomycetes;Kickxellales;Kickxellaceae;Martensiomyces"	4	1	0	0	0	0	2	1	0	0	0	0	0	1	3	0	0	0	0	0
"Mastigamoeba_balamuthi"	"Amoebozoa"	"Eukaryota;Amoebozoa;Evosea;Archamoebae;Mastigamoebida;Mastigamoebidae;Mastigamoeba"	9	1	0	0	0	0	11	1	0	8	0	1	0	0	0	0	0	0	0	0
"Melampsora_laricis-populina"	"Fungi"	"Eukaryota;Opisthokonta;Fungi;Dikarya;Basidiomycota;Pucciniomycotina;Pucciniomycetes;Pucciniales;Melampsoraceae;Melampsora"	4	1	0	0	0	0	1	1	0	1	0	0	0	1	2	0	0	0	0	0
"Micromonas_pusilla_CCP1545"	"Viridiplantae"	"Eukaryota;Viridiplantae;Chlorophyta;Mamiellophyceae;Mamiellales;Mamiellaceae"	6	1	0	0	0	0	4	1	2	2	0	1	0	0	0	0	0	0	0	1
"Mitosporidium_daphniae"	"Fungi"	"Eukaryota;Opisthokonta;Fungi;Fungiincertaesedis;Microsporidia;Microsporidiaincertaesedis;Mitosporidium"	1	1	0	0	1	1	0	0	0	0	0	0	0	0	1	0	0	0	0	0
"Mixia_osmundae_IAM_14324"	"Fungi"	"Eukaryota;Opisthokonta;Fungi;Dikarya;Basidiomycota;Pucciniomycotina;Mixiomycetes;Mixiales;Mixiaceae;Mixia;Mixiaosmundae"	4	1	0	0	0	0	2	1	0	1	0	0	0	1	2	0	0	0	0	0
"Mnemiopsis_leidyi"	"Metazoa"	"Eukaryota;Opisthokonta;Metazoa;Eumetazoa;Ctenophora;Tentaculata;Lobata;Bolinopsidae;Mnemiopsis"	11	1	0	0	1	1	1	1	1	8	0	0	0	0	0	0	0	0	2	0
"Monocercomonoides_exilis"	"Metamonada"	"Eukaryota;Metamonada;Preaxostyla;Oxymonadida;Polymastigidae;Monocercomonoides"	0	0	0	0	0	0	4	1	0	0	0	0	0	0	0	0	0	0	0	0
"Monoraphidium_neglectum"	"Viridiplantae"	"Eukaryota;Viridiplantae;Chlorophyta;corechlorophytes;Chlorophyceae;CSclade;Sphaeropleales;Selenastraceae;Monoraphidium"	3	1	0	0	0	0	4	1	1	1	0	0	0	0	0	0	0	0	1	0
"Monosiga_brevicollis_MX1"	"Choanoflagellata"	"Eukaryota;Opisthokonta;Choanoflagellata;Craspedida;Salpingoecidae;Monosiga;Monosigabrevicollis"	8	1	0	0	0	0	2	1	1	5	0	2	0	0	0	0	0	0	0	0
"Mucor_mucedo"	"Fungi"	"Eukaryota;Opisthokonta;Fungi;Fungiincertaesedis;Mucoromycota;Mucoromycotina;Mucoromycetes;Mucorales;Mucorineae;Mucoraceae;Mucor"	8	1	0	0	0	0	6	1	1	1	0	0	0	1	5	0	0	0	0	0
"Mus_musculus"	"Metazoa"	"Eukaryota;Opisthokonta;Metazoa;Eumetazoa;Bilateria;Deuterostomia;Chordata;Craniata;Vertebrata;Gnathostomata;Teleostomi;Euteleostomi;Sarcopterygii;Dipnotetrapodomorpha;Tetrapoda;Amniota;Mammalia;Theria;Eutheria;Boreoeutheria;Euarchontoglires;Glires;Rodentia;Myomorpha;Muroidea;Muridae;Murinae;Mus;Mus"	47	1	0	0	0	0	3	1	2	34	0	0	0	0	0	0	0	0	11	0
"Mycosarcoma_maydis"	"Fungi"	"Eukaryota;Opisthokonta;Fungi;Fungiincertaesedis;Mucoromycota;Mucoromycotina;Umbelopsidomycetes;Umbelopsidales;Umbelopsidaceae;Umbelopsis"	7	1	0	0	0	0	2	1	0	1	0	0	0	2	3	0	0	0	0	1
"Naegleria_fowleri"	"Discoba"	"Eukaryota;Discoba;Heterolobosea;Tetramitia;Eutetramitia;Vahlkampfiidae;Naegleria"	2	1	0	0	0	0	7	1	0	2	0	0	0	0	0	0	0	0	0	0
"Nannochloropsis_salina_CCMP1776"	"Stramenopiles"	"Eukaryota;Sar;Stramenopiles;Ochrophyta;Eustigmatophyceae;Eustigmatales;Monodopsidaceae;Microchloropsis"	10	1	0	0	0	0	1	1	2	6	0	0	0	2	0	0	0	0	0	0
"Nelumbo_nucifera"	"Viridiplantae"	"Eukaryota;Viridiplantae;Streptophyta;Streptophytina;Embryophyta;Tracheophyta;Euphyllophyta;Spermatophyta;Magnoliopsida;Mesangiospermae;Proteales;Nelumbonaceae;Nelumbo"	42	1	0	0	0	0	3	1	9	10	0	0	0	23	0	0	0	0	0	0
"Nematostella_vectensis"	"Metazoa"	"Eukaryota;Opisthokonta;Metazoa;Eumetazoa;Cnidaria;Anthozoa;Hexacorallia;Actiniaria;Edwardsiidae;Nematostella"	16	1	0	0	0	0	1	1	1	9	0	0	0	0	0	0	0	0	6	0
"Neocallimastix_californea"	"Fungi"	"Eukaryota;Opisthokonta;Fungi;Fungiincertaesedis;Chytridiomycota;Chytridiomycotaincertaesedis;Neocallimastigomycetes;Neocallimastigales;Neocallimastigaceae;Neocallimastix"	6	1	0	0	5	1	4	1	0	0	0	0	0	4	2	0	0	0	0	0
"Neoconidiobolus_thromboides_FSU785"	"Fungi"	"Eukaryota;Opisthokonta;Fungi;Fungiincertaesedis;Zoopagomycota;Entomophthoromycotina;Entomophthoromycetes;Entomophthorales;Ancylistaceae;Neoconidiobolus"	6	1	0	0	3	1	3	1	0	1	0	0	0	2	3	0	0	0	0	0
"Neopyropia_yezoensis"	"Rhodophyta"	"Eukaryota;Rhodophyta;Bangiophyceae;Bangiales;Bangiaceae;Pyropia"	9	1	0	0	0	0	7	1	3	5	0	0	0	0	0	0	0	0	0	1
"Neurospora_crassa"	"Fungi"	"Eukaryota;Opisthokonta;Fungi;Dikarya;Ascomycota;saccharomyceta;Pezizomycotina;leotiomyceta;sordariomyceta;Sordariomycetes;Sordariomycetidae;Sordariales;Sordariaceae;Neurospora"	5	1	0	0	0	0	1	1	0	1	0	0	0	1	2	0	0	0	0	1
"Nosema_bombycis_CQ1"	"Fungi"	"Eukaryota;Opisthokonta;Fungi;Fungiincertaesedis;Microsporidia;Apansporoblastina;Nosematidae;Nosema"	0	0	0	0	0	0	0	0	0	0	0	0	0	0	0	0	0	0	0	0
"Octopus_bimaculoides"	"Metazoa"	"Eukaryota;Opisthokonta;Metazoa;Eumetazoa;Bilateria;Protostomia;Spiralia;Lophotrochozoa;Mollusca;Cephalopoda;Coleoidea;Octopodiformes;Octopoda;Incirrata;Octopodidae;Octopus"	15	1	0	0	0	0	0	0	0	12	0	0	0	0	0	0	0	0	3	0
"Oikopleura_dioica"	"Metazoa"	"Eukaryota;Opisthokonta;Metazoa;Eumetazoa;Bilateria;Deuterostomia;Chordata;Tunicata;Appendicularia;Copelata;Oikopleuridae;Oikopleura"	9	1	0	0	0	0	0	0	2	7	0	0	0	0	0	0	0	0	0	0
"Onchocerca_flexuosa"	"Metazoa"	"Eukaryota;Opisthokonta;Metazoa;Eumetazoa;Bilateria;Protostomia;Ecdysozoa;Nematoda;Chromadorea;Rhabditida;Spirurina;Spiruromorpha;Filarioidea;Onchocercidae;Onchocerca"	5	1	0	0	0	0	0	0	0	4	0	0	0	0	0	0	0	0	1	0
"Ornithorhynchus_anatinus"	"Metazoa"	"Eukaryota;Opisthokonta;Metazoa;Eumetazoa;Bilateria;Deuterostomia;Chordata;Craniata;Vertebrata;Gnathostomata;Teleostomi;Euteleostomi;Sarcopterygii;Dipnotetrapodomorpha;Tetrapoda;Amniota;Mammalia;Prototheria;Monotremata;Ornithorhynchidae;Ornithorhynchus"	35	1	0	0	0	0	34	1	0	33	0	0	0	0	0	0	0	0	2	0
"Oryza_sativa_japonica"	"Viridiplantae"	"Eukaryota;Viridiplantae;Streptophyta;Streptophytina;Embryophyta;Tracheophyta;Euphyllophyta;Spermatophyta;Magnoliopsida;Mesangiospermae;Liliopsida;Petrosaviidae;commelinids;Poales;Poaceae;BOPclade;Oryzoideae;Oryzeae;Oryzinae;Oryza;Oryzasativa"	33	1	0	0	0	0	29	1	6	9	0	0	0	18	0	0	0	0	0	0
"Ostreococcus_tauri"	"Viridiplantae"	"Eukaryota;Viridiplantae;Chlorophyta;Mamiellophyceae;Mamiellales;Bathycoccaceae;Ostreococcus"	10	1	0	0	0	0	3	1	3	3	1	1	0	0	0	0	0	0	2	0
"Oxytricha_trifallax_KRB310"	"Alveolata"	"Eukaryota;Sar;Alveolata;Ciliophora;Intramacronucleata;Spirotrichea;Stichotrichia;Sporadotrichida;Oxytrichidae;Oxytrichinae;Oxytricha"	17	1	0	0	0	0	0	0	0	10	0	0	0	0	0	0	0	0	7	0
"Paramecium_tetraurelia"	"Alveolata"	"Eukaryota;Sar;Alveolata;Ciliophora;Intramacronucleata;Oligohymenophorea;Peniculida;Parameciidae;Paramecium"	23	1	0	0	0	0	0	0	0	23	0	0	0	0	0	0	0	0	0	0
"Paratrimastix_pyriformis"	"Metamonada"	"Eukaryota;Metamonada;Preaxostyla;Paratrimastigidae;Paratrimastix"	1	1	0	0	1	1	5	1	0	1	0	0	0	0	0	0	0	0	0	0
"Patiria_miniata"	"Metazoa"	"Eukaryota;Opisthokonta;Metazoa;Eumetazoa;Bilateria;Deuterostomia;Echinodermata;Eleutherozoa;Asterozoa;Asteroidea;Valvatacea;Valvatida;Asterinidae;Patiria"	18	1	0	0	0	0	1	1	3	12	0	0	0	0	0	0	0	0	3	0
"Paulinella_micropora_KR01"	"Rhizaria"	"Eukaryota;Sar;Rhizaria;Cercozoa;Imbricatea;Silicofilosea;Euglyphida;Paulinellidae;Paulinella"	8	1	1	1	2	1	14	1	2	4	0	0	0	1	0	0	0	0	0	1
"Pecoramyces ruminantium"	"Fungi"	"Eukaryota;Opisthokonta;Fungi;Fungiincertaesedis;Chytridiomycota;Chytridiomycotaincertaesedis;Neocallimastigomycetes;Neocallimastigales;Neocallimastigaceae;Pecoramyces"	1	1	0	0	2	1	2	1	0	0	0	0	0	0	0	0	0	0	0	0
"Pediculus_humanus_corporis"	"Metazoa"	"Eukaryota;Opisthokonta;Metazoa;Eumetazoa;Bilateria;Protostomia;Ecdysozoa;Panarthropoda;Arthropoda;Mandibulata;Pancrustacea;Hexapoda;Insecta;Dicondylia;Pterygota;Neoptera;Paraneoptera;Psocodea;Phthiraptera;Anoplura;Pediculidae;Pediculus"	5	1	0	0	0	0	1	1	0	4	0	0	0	0	0	0	0	0	1	0
"Pelagomonas_calceolata"	"Stramenopiles"	"Eukaryota;Sar;Stramenopiles;Ochrophyta;Pelagophyceae;Pelagomonadales;Pelagomonadaceae;Pelagomonas"	10	1	0	0	1	1	0	0	4	3	0	0	0	0	0	0	0	0	1	2
"Pelodiscus_sinensis"	"Metazoa"	"Eukaryota;Opisthokonta;Metazoa;Eumetazoa;Bilateria;Deuterostomia;Chordata;Craniata;Vertebrata;Gnathostomata;Teleostomi;Euteleostomi;Sarcopterygii;Dipnotetrapodomorpha;Tetrapoda;Amniota;Sauropsida;Sauria;Archelosauria;Testudinata;Testudines;Cryptodira;Trionychia;Trionychidae;Pelodiscus"	26	1	0	0	0	0	2	1	2	18	0	0	0	0	0	0	0	0	6	0
"Penicillium_alfredii"	"Fungi"	"Eukaryota;Opisthokonta;Fungi;Dikarya;Ascomycota;saccharomyceta;Pezizomycotina;leotiomyceta;Eurotiomycetes;Eurotiomycetidae;Eurotiales;Aspergillaceae;Penicillium"	6	1	0	0	0	0	2	1	0	1	0	0	0	1	2	0	0	0	0	2
"Perkinsela_sp._CCAP_1560/4"	"Discoba"	"Eukaryota;Discoba;Euglenozoa;Kinetoplastea;Prokinetoplastina;Ichthyobodonidae"	1	1	0	0	0	0	1	1	0	1	0	0	0	0	0	0	0	0	0	0
"Perkinsus_marinus_ATCC_50983"	"Alveolata"	"Eukaryota;Sar;Alveolata;Perkinsozoa;Perkinsea;Perkinsida;Perkinsidae;Perkinsus;Perkinsusmarinus"	2	1	0	0	0	0	5	1	0	2	0	0	0	0	0	0	0	0	0	0
"Petromyzon_marinus"	"Metazoa"	"Eukaryota;Opisthokonta;Metazoa;Eumetazoa;Bilateria;Deuterostomia;Chordata;Craniata;Vertebrata;Cyclostomata;Hyperoartia;Petromyzontiformes;Petromyzontidae;Petromyzon"	17	1	0	0	0	0	1	1	2	14	0	0	0	0	0	0	0	0	1	0
"Phaeodactylum_tricornutum_CCAP1055/1"	"Stramenopiles"	"Eukaryota;Sar;Stramenopiles;Ochrophyta;Bacillariophyta;Bacillariophyceae;Bacillariophycidae;Naviculales;Phaeodactylaceae;Phaeodactylum"	12	1	0	0	1	1	5	1	2	8	0	0	0	0	0	0	0	0	0	2
"Pharyngomonas_kirbyi"	"Discoba"	"Eukaryota;Discoba;Heterolobosea;Pharyngomonada;Pharyngomonas"	2	1	0	0	0	0	3	1	0	2	0	0	0	0	0	0	0	0	0	0
"Phycomyces_blakesleeanus_NRRL1555"	"Fungi"	"Eukaryota;Opisthokonta;Fungi;Fungiincertaesedis;Mucoromycota;Mucoromycotina;Mucoromycetes;Mucorales;Phycomycetaceae;Phycomyces;Phycomycesblakesleeanus"	7	1	0	0	0	0	4	1	1	1	0	0	0	1	4	0	0	0	0	0
"Physcomitrium_patens"	"Viridiplantae"	"Eukaryota;Viridiplantae;Streptophyta;Streptophytina;Embryophyta;Bryophyta;Bryophytina;Bryopsida;Funariidae;Funariales;Funariaceae;Physcomitrium"	66	1	0	0	0	0	13	1	25	37	0	0	0	4	0	0	0	0	0	0
"Phytomonas_sp._isolate_Hart1"	"Discoba"	"Eukaryota;Discoba;Euglenozoa;Kinetoplastea;Metakinetoplastina;Trypanosomatida;Trypanosomatidae;Phytomonas;unclassifiedPhytomonas"	0	0	0	0	0	0	1	1	0	0	0	0	0	0	0	0	0	0	0	0
"Phytophthora_infestans_T30-4"	"Stramenopiles"	"Eukaryota;Sar;Stramenopiles;Oomycota;Peronosporales;Peronosporaceae;Phytophthora"	7	1	0	0	1	1	1	1	1	6	0	0	0	0	0	0	0	0	0	0
"Picea_abies"	"Viridiplantae"	"Eukaryota;Viridiplantae;Streptophyta;Streptophytina;Embryophyta;Tracheophyta;Euphyllophyta;Spermatophyta;Acrogymnospermae;Pinopsida;Pinidae;ConifersI;Pinales;Pinaceae;Picea"	7	1	0	0	0	0	2	1	0	0	0	0	0	7	0	0	0	0	0	0
"Piromyces_finnis"	"Fungi"	"Eukaryota;Opisthokonta;Fungi;Fungiincertaesedis;Chytridiomycota;Chytridiomycotaincertaesedis;Neocallimastigomycetes;Neocallimastigales;Neocallimastigaceae;Piromyces"	3	1	0	0	1	1	2	1	0	0	0	0	0	2	1	0	0	0	0	0
"Planomonas_micra"	"Ancyromonadida"	"Eukaryota;Ancyromonadida;Planomonadidae;Planomonas"	6	1	0	0	0	0	2	1	0	5	0	0	0	0	0	0	0	0	0	1
"Planoprotostelium_fungivorum"	"Amoebozoa"	"Eukaryota;Amoebozoa;Evosea;Variosea;Cavosteliida;Cavosteliaceae;Planoprotostelium"	7	1	0	0	0	0	2	1	0	1	0	0	0	4	1	0	0	0	0	1
"Plasmodiophora_brassicae"	"Rhizaria"	"Eukaryota;Sar;Rhizaria;Endomyxa;Phytomyxea;Plasmodiophorida;Plasmodiophoridae;Plasmodiophora"	5	1	0	0	0	0	2	1	1	3	0	1	0	0	0	0	0	0	0	0
"Plasmodium_falciparum_3D7"	"Alveolata"	"Eukaryota;Sar;Alveolata;Apicomplexa;Aconoidasida;Haemosporida;Plasmodiidae;Plasmodium;Plasmodium(Laverania);Plasmodiumfalciparum"	1	1	0	0	0	0	0	0	0	1	0	0	0	0	0	0	0	0	0	0
"Plasmopara_halstedii"	"Stramenopiles"	"Eukaryota;Sar;Stramenopiles;Oomycota;Peronosporales;Peronosporaceae;Plasmopara"	6	1	0	0	1	1	1	1	0	4	0	2	0	0	0	0	0	0	0	0
"Pneumocystis_murina_B123"	"Fungi"	"Eukaryota;Opisthokonta;Fungi;Dikarya;Ascomycota;Taphrinomycotina;Pneumocystomycetes;Pneumocystales;Pneumocystaceae;Pneumocystis;Pneumocystismurina"	2	1	0	0	0	0	0	0	0	1	0	0	0	1	0	0	0	0	0	0
"Podila_verticillata_NRRL6337"	"Fungi"	"Eukaryota;Opisthokonta;Fungi;Fungi_incertae_sedis;Mucoromycota;Mortierellomycotina;Mortierellomycetes;Mortierellales;Mortierellaceae;Podila"	7	1	0	0	0	0	2	1	0	1	0	0	0	3	2	0	0	0	0	1
"Porphyra_umbilicalis"	"Rhodophyta"	"Eukaryota;Rhodophyta;Bangiophyceae;Bangiales;Bangiaceae;Porphyra"	8	1	0	0	0	0	3	1	3	4	0	0	0	0	0	0	0	0	0	1
"Porphyridium_purpureum"	"Rhodophyta"	"Eukaryota;Rhodophyta;Bangiophyceae;Porphyridiales;Porphyridiaceae;Porphyridium"	9	1	0	0	3	1	5	1	3	5	0	0	0	0	0	0	0	0	1	0
"Priapulus_caudatus"	"Metazoa"	"Eukaryota;Opisthokonta;Metazoa;Eumetazoa;Bilateria;Protostomia;Ecdysozoa;Scalidophora;Priapulida;Priapulimorpha;Priapulimorphida;Priapulidae;Priapulus"	12	1	0	0	0	0	4	1	0	11	0	0	0	0	0	0	0	0	1	0
"Pristionchus_pacificus"	"Metazoa"	"Eukaryota;Opisthokonta;Metazoa;Eumetazoa;Bilateria;Protostomia;Ecdysozoa;Nematoda;Chromadorea;Rhabditida;Rhabditina;Diplogasteromorpha;Diplogasteroidea;Neodiplogasteridae;Pristionchus"	13	1	0	0	0	0	0	0	0	11	0	0	0	0	0	0	0	0	2	0
"Proteomonas_sulcata"	"Cryptophyta"	"Eukaryota;Cryptophyceae;Pyrenomonadales;Geminigeraceae;Proteomonas"	235	1	0	0	10	1	118	1	67	111	0	13	0	0	0	0	0	0	0	44
"Prymnesium_parvum"	"Haptophyta"	"Eukaryota;Haptista;Haptophyta;Prymnesiophyceae;Prymnesiales;Prymnesiaceae;Prymnesium"	24	1	0	0	2	1	5	1	2	15	0	3	0	0	0	0	0	0	2	2
"Pseudocohnilembus_persalinus"	"Alveolata"	"Eukaryota;Sar;Alveolata;Ciliophora;Intramacronucleata;Oligohymenophorea;Scuticociliatia;Philasterida;Pseudocohnilembidae;Pseudocohnilembus"	9	1	0	0	0	0	0	0	0	8	0	0	0	0	0	0	0	0	1	0
"Ptychodera_flava"	"Metazoa"	"Eukaryota;Opisthokonta;Metazoa;Eumetazoa;Bilateria;Deuterostomia;Hemichordata;Enteropneusta;Ptychoderidae;Ptychodera"	21	1	0	0	0	0	16	1	2	16	0	0	0	0	0	0	0	0	3	0
"Pythium_ultimum_DAOM_BR144"	"Stramenopiles"	"Eukaryota;Sar;Stramenopiles;Oomycota;Pythiales;Pythiaceae;Globisporangium;Globisporangiumultimum"	9	1	0	0	1	1	1	1	1	7	0	1	0	0	0	0	0	0	0	0
"Ramazzottius_varieornatus"	"Metazoa"	"Eukaryota;Opisthokonta;Metazoa;Eumetazoa;Bilateria;Protostomia;Ecdysozoa;Panarthropoda;Tardigrada;Eutardigrada;Parachela;Hypsibioidea;Ramazzottiidae;Ramazzottius"	13	1	0	0	0	0	0	0	0	8	0	0	0	0	0	0	0	0	5	0
"Ramicandelaber_brevisporus"	"Fungi"	"Eukaryota;Opisthokonta;Fungi;Fungiincertaesedis;Zoopagomycota;Kickxellomycotina;Kickxellomycotinaincertaesedis;Ramicandelaberales;Ramicandelaberaceae;Ramicandelaber"	3	1	0	0	0	0	1	1	0	1	0	0	0	1	1	0	0	0	0	0
"Reclinomonas_americana"	"Discoba"	"Eukaryota;Discoba;Jakobida;Histionina;Reclinomonas"	4	1	0	0	0	0	0	0	0	0	0	0	0	4	0	0	0	0	0	0
"Reticulomyxa_filosa"	"Rhizaria"	"Eukaryota;Sar;Rhizaria;Retaria;Foraminifera;Monothalamids;Reticulomyxidae;Reticulomyxa"	0	0	0	0	0	0	0	0	0	0	0	0	0	0	0	0	0	0	0	0
"Rhizoctonia_solani"	"Fungi"	"Eukaryota;Opisthokonta;Fungi;Dikarya;Basidiomycota;Agaricomycotina;Agaricomycetes;Agaricomycetesincertaesedis;Cantharellales;Ceratobasidiaceae;Rhizoctonia"	8	1	0	0	0	0	1	1	0	1	0	0	0	3	3	0	0	0	0	1
"Rhizophagus_irregularis"	"Fungi"	"Eukaryota;Opisthokonta;Fungi;Fungiincertaesedis;Mucoromycota;Glomeromycotina;Glomeromycetes;Glomerales;Glomeraceae;Rhizophagus"	7	1	0	0	0	0	2	1	1	2	0	0	0	2	2	0	0	0	0	0
"Rhodosorus_marinus"	"Rhodophyta"	"Eukaryota;Rhodophyta;Stylonematophyceae;Stylonematales;Stylonemataceae;Rhodosorus"	9	1	0	0	4	1	3	1	4	5	0	0	0	0	0	0	0	0	0	0
"Rhodotorula_toruloides_NP11"	"Fungi"	"Eukaryota;Opisthokonta;Fungi;Dikarya;Basidiomycota;Pucciniomycotina;Microbotryomycetes;Sporidiobolales;Sporidiobolaceae;Rhodotorula;unclassifiedRhodotorula"	6	1	0	0	0	0	2	1	0	1	0	0	0	2	2	0	0	0	0	1
"Rozella_allomycis"	"Fungi"	"Eukaryota;Opisthokonta;Fungi;Fungiincertaesedis;Cryptomycota;Cryptomycotaincertaesedis;Rozella"	3	1	0	0	1	1	1	1	0	2	0	0	0	0	0	0	0	0	1	0
"Saccharomyces_cerevisiae_S288C"	"Fungi"	"Eukaryota;Opisthokonta;Fungi;Dikarya;Ascomycota;saccharomyceta;Saccharomycotina;Saccharomycetes;Saccharomycetales;Saccharomycetaceae;Saccharomyces"	3	1	0	0	0	0	3	1	0	1	0	0	0	1	1	0	0	0	0	0
"Saccoglossus_kowalevskii"	"Metazoa"	"Eukaryota;Opisthokonta;Metazoa;Eumetazoa;Bilateria;Deuterostomia;Hemichordata;Enteropneusta;Harrimaniidae;Saccoglossus"	6	1	0	0	0	0	2	1	1	5	0	0	0	0	0	0	0	0	0	0
"Saitoella_complicata_NRRL_Y-17804"	"Fungi"	"Eukaryota;Opisthokonta;Fungi;Dikarya;Ascomycota;Taphrinomycotina;Taphrinomycotinaincertaesedis;Saitoella;Saitoellacomplicata"	4	1	0	0	0	0	2	1	0	1	0	0	0	1	2	0	0	0	0	0
"Salpingoeca_rosetta"	"Choanoflagellata"	"Eukaryota;Opisthokonta;Choanoflagellata;Craspedida;Salpingoecidae;Salpingoeca"	8	1	0	0	0	0	2	1	1	6	0	0	0	0	0	0	0	0	0	1
"Saprolegnia_diclina_VS20"	"Stramenopiles"	"Eukaryota;Sar;Stramenopiles;Oomycota;Saprolegniales;Saprolegniaceae;Saprolegnia"	8	1	0	0	2	1	1	1	1	6	0	1	0	0	0	0	0	0	0	0
"Schistosoma_mansoni"	"Metazoa"	"Eukaryota;Opisthokonta;Metazoa;Eumetazoa;Bilateria;Protostomia;Spiralia;Lophotrochozoa;Platyhelminthes;Trematoda;Digenea;Strigeidida;Schistosomatoidea;Schistosomatidae;Schistosoma"	3	1	0	0	0	0	0	0	0	2	0	0	0	0	0	0	0	0	1	0
"Schizochytrium_aggregatum_ATCC_28209"	"Stramenopiles"	"Eukaryota;Sar;Stramenopiles;Bigyra;Labyrinthulomycetes;Thraustochytrida;Thraustochytriaceae;Schizochytrium;Schizochytriumaggregatum"	112	1	0	0	13	1	6	1	14	86	0	0	0	0	0	0	0	0	0	12
"Schizosaccharomyces_pombe_ASM294V2"	"Fungi"	"Eukaryota;Opisthokonta;Fungi;Dikarya;Ascomycota;Taphrinomycotina;Schizosaccharomycetes;Schizosaccharomycetales;Schizosaccharomycetaceae;Schizosaccharomyces;Schizosaccharomycespombe"	4	1	0	0	0	0	1	1	0	1	0	0	0	1	2	0	0	0	0	0
"Schmidtea_mediterranea"	"Metazoa"	"Eukaryota;Opisthokonta;Metazoa;Eumetazoa;Bilateria;Protostomia;Spiralia;Lophotrochozoa;Platyhelminthes;Rhabditophora;Seriata;Tricladida;Continenticola;Geoplanoidea;Dugesiidae;Schmidtea"	7	1	0	0	0	0	1	1	1	6	0	0	0	0	0	0	0	0	0	0
"Selaginella_moellendorffii"	"Viridiplantae"	"Eukaryota;Viridiplantae;Streptophyta;Streptophytina;Embryophyta;Tracheophyta;Lycopodiopsida;Selaginellales;Selaginellaceae;Selaginella"	26	1	0	0	0	0	9	1	8	14	0	0	0	4	0	0	0	0	0	0
"Smittium_mucronatum"	"Fungi"	"Eukaryota;Opisthokonta;Fungi;Fungiincertaesedis;Zoopagomycota;Kickxellomycotina;Harpellomycetes;Harpellales;Legeriomycetaceae;Smittium"	2	1	0	0	0	0	1	1	0	0	0	0	0	2	0	0	0	0	0	0
"Soboliphyme_baturini"	"Metazoa"	"Eukaryota;Opisthokonta;Metazoa;Eumetazoa;Bilateria;Protostomia;Ecdysozoa;Nematoda;Enoplea;Dorylaimia;Dioctophymatida;Dioctophymatoidea;Soboliphymatidae;Soboliphyme"	1	1	0	0	0	0	0	0	0	1	0	0	0	0	0	0	0	0	0	0
"Sorghum_bicolor"	"Viridiplantae"	"Eukaryota;Viridiplantae;Streptophyta;Streptophytina;Embryophyta;Tracheophyta;Euphyllophyta;Spermatophyta;Magnoliopsida;Mesangiospermae;Liliopsida;Petrosaviidae;commelinids;Poales;Poaceae;PACMADclade;Panicoideae;Andropogonodae;Andropogoneae;Sorghinae;Sorghum"	34	1	0	0	0	0	16	1	7	11	0	0	0	16	0	0	0	0	0	0
"Sphaeroform_artica_JP610_V1"	"Ichthyosporea"	"Eukaryota;Opisthokonta;Ichthyosporea;Ichthyophonida;Sphaeroforma;Sphaeroformaarctica"	9	1	0	0	1	1	2	1	2	5	0	0	0	1	0	0	0	0	0	1
"Sphagnum_fallax"	"Viridiplantae"	"Eukaryota;Viridiplantae;Streptophyta;Streptophytina;Embryophyta;Bryophyta;Sphagnophytina;Sphagnopsida;Sphagnales;Sphagnaceae;Sphagnum"	52	1	0	0	0	0	4	1	5	29	0	0	0	18	0	0	0	0	0	0
"Spironucleus_salmonicida"	"Metamonada"	"Eukaryota;Metamonada;Fornicata;Diplomonadida;Hexamitidae;Hexamitinae;Spironucleus"	2	1	0	0	0	0	0	0	0	2	0	0	0	0	0	0	0	0	0	0
"Spizellomyces_punctatus_DAOM_BR117"	"Fungi"	"Eukaryota;Opisthokonta;Fungi;Fungiincertaesedis;Chytridiomycota;Chytridiomycotaincertaesedis;Chytridiomycetes;Spizellomycetales;Spizellomycetaceae;Spizellomyces;Spizellomycespunctatus"	6	1	0	0	0	0	3	1	0	2	0	0	0	1	1	0	0	0	1	1
"Stegodyphus_mimosarum"	"Metazoa"	"Eukaryota;Opisthokonta;Metazoa;Eumetazoa;Bilateria;Protostomia;Ecdysozoa;Panarthropoda;Arthropoda;Chelicerata;Arachnida;Araneae;Araneomorphae;Entelegynae;Eresoidea;Eresidae;Stegodyphus"	12	1	0	0	0	0	1	1	0	9	0	0	0	0	0	0	0	0	3	0
"Stentor_coeruleus"	"Alveolata"	"Eukaryota;Sar;Alveolata;Ciliophora;Postciliodesmatophora;Heterotrichea;Heterotrichida;Stentoridae;Stentor"	20	1	0	0	0	0	0	0	0	20	0	0	0	0	0	0	0	0	0	0
"Strigamia_maritima"	"Metazoa"	"Eukaryota;Opisthokonta;Metazoa;Eumetazoa;Bilateria;Protostomia;Ecdysozoa;Panarthropoda;Arthropoda;Mandibulata;Myriapoda;Chilopoda;Pleurostigmophora;Epimorpha;Geophilomorpha;Linotaeniidae;Strigamia"	4	1	0	0	0	0	1	1	0	3	0	0	0	0	0	0	0	0	1	0
"Strigomonas_culicis"	"Discoba"	"Eukaryota;Discoba;Euglenozoa;Kinetoplastea;Metakinetoplastina;Trypanosomatida;Trypanosomatidae;Strigomonadinae;Strigomonas"	4	1	0	0	0	0	3	1	0	1	0	0	0	0	0	0	0	0	3	0
"Strongylocentrotus_purpuratus"	"Metazoa"	"Eukaryota;Opisthokonta;Metazoa;Eumetazoa;Bilateria;Deuterostomia;Echinodermata;Eleutherozoa;Echinozoa;Echinoidea;Euechinoidea;Echinacea;Camarodonta;Echinidea;Strongylocentrotidae;Strongylocentrotus"	16	1	0	0	0	0	5	1	1	10	0	0	0	0	0	0	0	0	5	0
"Strongyloides_ratti_ED321"	"Metazoa"	"Eukaryota;Opisthokonta;Metazoa;Eumetazoa;Bilateria;Protostomia;Ecdysozoa;Nematoda;Chromadorea;Rhabditida;Tylenchina;Panagrolaimomorpha;Strongyloidoidea;Strongyloididae;Strongyloides"	12	1	0	0	0	0	0	0	0	8	0	0	0	0	0	0	0	0	4	0
"Stylonychia_lemnae"	"Alveolata"	"Eukaryota;Sar;Alveolata;Ciliophora;Intramacronucleata;Spirotrichea;Stichotrichia;Sporadotrichida;Oxytrichidae;Stylonychinae;Stylonychia"	13	1	0	0	0	0	0	0	0	8	0	0	0	0	0	0	0	0	5	0
"Sycon_ciliatum"	"Metazoa"	"Eukaryota;Opisthokonta;Metazoa;Porifera;Calcarea;Calcaronea;Leucosolenida;Sycettidae;Sycon"	10	1	0	0	1	1	1	1	1	6	0	0	0	0	0	0	0	0	3	0
"Symbiodinium_sp_C106"	"Alveolata"	"Eukaryota;Sar;Alveolata;Dinophyceae;Suessiales;Symbiodiniaceae;Cladocopium;unclassifiedCladocopium;Cladocopiumsp.cladeC;SymbiodiniumcladeCisolates"	27	1	0	0	1	1	27	1	5	8	1	1	0	0	1	0	0	0	5	6
"Syncephalis_plumigaleata_NRRL_S24_v1.0"	"Fungi"	"Eukaryota;Opisthokonta;Fungi;Fungiincertaesedis;Zoopagomycota;Zoopagomycotina;Zoopagomycetes;Zoopagales;Piptocephalidaceae;Syncephalis"	4	1	0	0	1	1	3	1	0	1	0	0	0	2	1	0	0	0	0	0
"Taenia_crassiceps"	"Metazoa"	"Eukaryota;Opisthokonta;Metazoa;Eumetazoa;Bilateria;Protostomia;Spiralia;Lophotrochozoa;Platyhelminthes;Cestoda;Eucestoda;Cyclophyllidea;Taeniidae;Taenia"	6	1	0	0	0	0	2	1	0	6	0	0	0	0	0	0	0	0	0	0
"Takifugu_flavidus"	"Metazoa"	"Eukaryota;Opisthokonta;Metazoa;Eumetazoa;Bilateria;Deuterostomia;Chordata;Craniata;Vertebrata;Gnathostomata;Teleostomi;Euteleostomi;Actinopterygii;Actinopteri;Neopterygii;Teleostei;Osteoglossocephalai;Clupeocephala;Euteleosteomorpha;Neoteleostei;Eurypterygia;Ctenosquamata;Acanthomorphata;Euacanthomorphacea;Percomorphaceae;Eupercaria;Tetraodontiformes;Tetraodontoidei;Tetradontoidea;Tetraodontidae;Takifugu"	13	1	0	0	0	0	1	1	1	10	0	0	0	0	0	0	0	0	2	0
"Tetrahymena_thermophila_SB210"	"Alveolata"	"Eukaryota;Sar;Alveolata;Ciliophora;Intramacronucleata;Oligohymenophorea;Hymenostomatida;Tetrahymenina;Tetrahymenidae;Tetrahymena"	18	1	0	0	0	0	0	0	0	18	0	0	0	0	0	0	0	0	0	0
"Thalassiosira_pseudonana_CCMP1335"	"Stramenopiles"	"Eukaryota;Sar;Stramenopiles;Ochrophyta;Bacillariophyta;Coscinodiscophyceae;Thalassiosirophycidae;Thalassiosirales;Thalassiosiraceae;Thalassiosira;Thalassiosirapseudonana"	12	1	0	0	0	0	5	1	4	4	0	0	0	0	0	0	0	0	1	3
"Thecamonas_trahens_ATCC_50062"	"Apusomonadida"	"Eukaryota;Apusozoa;Apusomonadida;Apusomonadidae;Thecamonas;Thecamonastrahens"	6	1	0	0	1	1	1	1	1	4	0	0	0	0	0	0	0	0	1	0
"Theileria_parva_Muguga"	"Alveolata"	"Eukaryota;Sar;Alveolata;Apicomplexa;Aconoidasida;Piroplasmida;Theileriidae;Theileria"	1	1	0	0	0	0	0	0	0	1	0	0	0	0	0	0	0	0	0	0
"Thelohanellus_kitauei"	"Metazoa"	"Eukaryota;Opisthokonta;Metazoa;Eumetazoa;Cnidaria;Myxozoa;Myxosporea;Bivalvulida;Platysporina;Myxobolidae;Thelohanellus"	1	1	0	0	0	0	0	0	0	1	0	0	0	0	0	0	0	0	0	0
"Tieghemostelium_lacteum"	"Amoebozoa"	"Eukaryota;Amoebozoa;Evosea;Eumycetozoa;Dictyostelia;Dictyosteliales;Raperosteliaceae;Tieghemostelium"	4	1	0	0	0	0	1	1	0	2	0	0	0	2	0	0	0	0	0	0
"Toxoplasma_gondii_TGA4"	"Alveolata"	"Eukaryota;Sar;Alveolata;Apicomplexa;Conoidasida;Coccidia;Eucoccidiorida;Eimeriorina;Sarcocystidae;Toxoplasma;Toxoplasmagondii"	4	1	0	0	0	0	1	1	0	4	0	0	0	0	0	0	0	0	0	0
"Tribolium_castaneum"	"Metazoa"	"Eukaryota;Opisthokonta;Metazoa;Eumetazoa;Bilateria;Protostomia;Ecdysozoa;Panarthropoda;Arthropoda;Mandibulata;Pancrustacea;Hexapoda;Insecta;Dicondylia;Pterygota;Neoptera;Endopterygota;Coleoptera;Polyphaga;Cucujiformia;Tenebrionoidea;Tenebrionidae;Tenebrionidaeincertaesedis;Tribolium"	25	1	0	0	0	0	3	1	0	20	0	0	0	0	0	0	0	0	5	0
"Trichinella_britovi"	"Metazoa"	"Eukaryota;Opisthokonta;Metazoa;Eumetazoa;Bilateria;Protostomia;Ecdysozoa;Nematoda;Enoplea;Dorylaimia;Trichinellida;Trichinellidae;Trichinella"	7	1	0	0	0	0	0	0	0	7	0	0	0	0	0	0	0	0	0	0
"Trichomonas_vaginalis_G3"	"Metamonada"	"Eukaryota;Metamonada;Parabasalia;Trichomonadida;Trichomonadidae;Trichomonas;Trichomonasvaginalis"	0	0	0	0	0	0	10	1	0	0	0	0	0	0	0	0	0	0	0	0
"Trichoplax_adhaerens"	"Metazoa"	"Eukaryota;Opisthokonta;Metazoa;Eumetazoa;Placozoa;Uniplacotomia;Trichoplacea;Trichoplacidae;Trichoplax"	8	1	0	0	0	0	0	0	1	6	0	0	0	0	0	0	0	0	1	0
"Trypanosoma_brucei_brucei_TRUE927"	"Discoba"	"Eukaryota;Discoba;Euglenozoa;Kinetoplastea;Metakinetoplastina;Trypanosomatida;Trypanosomatidae;Trypanosoma;Trypanozoon"	1	1	0	0	0	0	1	1	0	0	0	0	0	0	0	0	0	0	1	0
"Tuber_melanosporum"	"Fungi"	"Eukaryota;Opisthokonta;Fungi;Dikarya;Ascomycota;saccharomyceta;Pezizomycotina;Pezizomycetes;Pezizales;Tuberaceae;Tuber"	2	1	0	0	0	0	1	1	0	1	0	0	0	1	0	0	0	0	0	0
"Umbelopsis_ramanniana_AG"	"Fungi"	"Eukaryota;Opisthokonta;Fungi;Fungiincertaesedis;Mucoromycota;Mucoromycotina;Umbelopsidomycetes;Umbelopsidales;Umbelopsidaceae;Umbelopsis"	5	1	0	0	0	0	2	1	1	1	0	0	0	1	2	0	0	0	0	0
"Vavraia_culicis_floridensis"	"Fungi"	"Eukaryota;Opisthokonta;Fungi;Fungiincertaesedis;Microsporidia;Pansporoblastina;Pleistophoridae;Vavraia;Vavraiaculicis"	2	1	0	0	0	0	0	0	0	0	0	0	0	0	2	0	0	0	0	0
"Vitrella_brassicaformis_CCMP3155"	"Alveolata"	"Eukaryota;Sar;Alveolata;Colpodellida;Vitrellaceae;Vitrella;Vitrellabrassicaformis"	10	1	0	0	1	1	3	1	2	6	0	0	0	0	0	0	0	0	0	2
"Volvox_carteri_f.nagariensis"	"Viridiplantae"	"Eukaryota;Viridiplantae;Chlorophyta;corechlorophytes;Chlorophyceae;CSclade;Chlamydomonadales;Volvocaceae;Volvox"	6	1	0	0	0	0	6	1	2	2	0	1	0	0	0	0	0	0	1	0
"Wallemia_ichthyophaga_EXF-994"	"Fungi"	"Eukaryota;Opisthokonta;Fungi;Dikarya;Basidiomycota;Wallemiomycotina;Wallemiomycetes;Wallemiales;Wallemiaceae;Wallemia"	6	1	0	0	0	0	2	1	0	1	0	0	0	2	2	0	0	0	0	1
"Xenopus_laevis"	"Metazoa"	"Eukaryota;Opisthokonta;Metazoa;Eumetazoa;Bilateria;Deuterostomia;Chordata;Craniata;Vertebrata;Gnathostomata;Teleostomi;Euteleostomi;Sarcopterygii;Dipnotetrapodomorpha;Tetrapoda;Amphibia;Batrachia;Anura;Pipoidea;Pipidae;Xenopodinae;Xenopus;Xenopus"	22	1	0	0	0	0	3	1	1	17	0	0	0	0	0	0	0	0	4	0
"Yarrowia_lipolytica_CLIB89_W29"	"Fungi"	"Eukaryota;Opisthokonta;Fungi;Dikarya;Ascomycota;saccharomyceta;Saccharomycotina;Dipodascomycetes;Dipodascales;Dipodascalesincertaesedis;Yarrowia;Yarrowialipolytica"	3	1	0	0	0	0	1	1	0	1	0	0	0	0	2	0	0	0	0	0
"Zootermopsis_nevadensis"	"Metazoa"	"Eukaryota;Opisthokonta;Metazoa;Eumetazoa;Bilateria;Protostomia;Ecdysozoa;Panarthropoda;Arthropoda;Mandibulata;Pancrustacea;Hexapoda;Insecta;Dicondylia;Pterygota;Neoptera;Polyneoptera;Dictyoptera;Blattodea;Blattoidea;Termitoidae;Termopsidae;Termopsinae;Termopsini;Zootermopsis"	18	1	0	0	0	0	2	1	0	14	0	0	0	0	0	0	0	0	4	0
